"Molecule ChEMBL ID";"Molecule Name";"Molecule Max Phase";"Molecular Weight";"#RO5 Violations";"AlogP";"Compound Key";"Smiles";"Standard Type";"Standard Relation";"Standard Value";"Standard Units";"pChEMBL Value";"Data Validity Comment";"Comment";"Uo Units";"Ligand Efficiency BEI";"Ligand Efficiency LE";"Ligand Efficiency LLE";"Ligand Efficiency SEI";"Potential Duplicate";"Assay ChEMBL ID";"Assay Description";"Assay Type";"BAO Format ID";"BAO Label";"Assay Organism";"Assay Tissue ChEMBL ID";"Assay Tissue Name";"Assay Cell Type";"Assay Subcellular Fraction";"Assay Parameters";"Assay Variant Accession";"Assay Variant Mutation";"Target ChEMBL ID";"Target Name";"Target Organism";"Target Type";"Document ChEMBL ID";"Source ID";"Source Description";"Document Journal";"Document Year";"Cell ChEMBL ID";"Properties";"Action Type"
"CHEMBL2036318";"";"None";"508.67";"2";"5.06";"4c";"Cc1ccc(-c2cccc(C[C@H](O)/C=C/[C@H]3CCC(=O)N3CCSc3nc(C(=O)O)cs3)c2)cc1";"EC50";"'='";"15.0";"nM";"7.82";"";"";"UO_0000065";"";"";"";"";"0";"CHEMBL2038102";"Agonist activity at rat EP4 receptor expressed in CHO cells assessed as cAMP production after 10 mins by radioimmunoassay";"F";"BAO_0000219";"cell-based format";"Rattus norvegicus";"None";"None";"CHO";"None";"";"";"";"CHEMBL4086";"Prostanoid EP4 receptor";"Rattus norvegicus";"SINGLE PROTEIN";"CHEMBL2034814";"1";"Scientific Literature";"Bioorg Med Chem";"2012";"CHEMBL3308072";"";""
"CHEMBL425409";"";"None";"386.49";"0";"3.27";"17a";"N#Cc1cccc(C[C@H](O)CC[C@H]2CCC(=O)N2CCCCCCC(=O)O)c1";"IC50";"'='";"388.0";"nM";"6.41";"";"";"UO_0000065";"16.59";"0.31";"3.14";"6.31";"0";"CHEMBL869627";"Binding affinity to rat EP4 receptor expressed in HEK293 cells";"B";"BAO_0000219";"cell-based format";"Rattus norvegicus";"None";"None";"HEK293";"None";"";"";"";"CHEMBL4086";"Prostanoid EP4 receptor";"Rattus norvegicus";"SINGLE PROTEIN";"CHEMBL1146126";"1";"Scientific Literature";"Bioorg Med Chem Lett";"2006";"CHEMBL3307715";"";""
"CHEMBL208399";"";"None";"437.58";"1";"5.06";"15a";"O=C(O)CCCCCCN1C(=O)CC[C@@H]1CC[C@@H](O)Cc1cccc(-c2ccccc2)c1";"IC50";"'='";"337.0";"nM";"6.47";"";"";"UO_0000065";"14.79";"0.28";"1.41";"8.31";"0";"CHEMBL869627";"Binding affinity to rat EP4 receptor expressed in HEK293 cells";"B";"BAO_0000219";"cell-based format";"Rattus norvegicus";"None";"None";"HEK293";"None";"";"";"";"CHEMBL4086";"Prostanoid EP4 receptor";"Rattus norvegicus";"SINGLE PROTEIN";"CHEMBL1146126";"1";"Scientific Literature";"Bioorg Med Chem Lett";"2006";"CHEMBL3307715";"";""
"CHEMBL425243";"";"None";"435.97";"0";"4.41";"12c";"O=C(O)c1ccc(CCCN2C(=O)CC[C@@H]2CCC(O)Cc2ccc(Cl)cc2)s1";"IC50";"'='";"80.0";"nM";"7.10";"";"";"UO_0000065";"16.28";"0.33";"2.69";"9.12";"0";"CHEMBL869627";"Binding affinity to rat EP4 receptor expressed in HEK293 cells";"B";"BAO_0000219";"cell-based format";"Rattus norvegicus";"None";"None";"HEK293";"None";"";"";"";"CHEMBL4086";"Prostanoid EP4 receptor";"Rattus norvegicus";"SINGLE PROTEIN";"CHEMBL1146126";"1";"Scientific Literature";"Bioorg Med Chem Lett";"2006";"CHEMBL3307715";"";""
"CHEMBL208411";"";"None";"471.60";"1";"5.36";"15b";"O=C(O)c1ccc(CCCN2C(=O)CCC2CCC(O)Cc2cccc(-c3ccccc3)c2)cc1";"EC50";"'='";"440.0";"nM";"6.36";"";"";"UO_0000065";"";"";"";"";"0";"CHEMBL867830";"Activity at rat EP4 transfected in HEK293 cells by cAMP accumulation";"F";"BAO_0000219";"cell-based format";"Rattus norvegicus";"None";"None";"HEK293";"None";"";"";"";"CHEMBL4086";"Prostanoid EP4 receptor";"Rattus norvegicus";"SINGLE PROTEIN";"CHEMBL1146126";"1";"Scientific Literature";"Bioorg Med Chem Lett";"2006";"CHEMBL3307715";"";""
"CHEMBL562291";"";"None";"411.56";"0";"4.25";"3c";"CCCCCC(=O)c1ccc(CN(CCCCCCC(=O)O)S(C)(=O)=O)cc1";"IC50";"'>'";"3200.0";"nM";"";"";"";"UO_0000065";"";"";"";"";"0";"CHEMBL1027713";"Inhibition of rat EP4 receptor expressed in HEK293 cells";"B";"BAO_0000219";"cell-based format";"Rattus norvegicus";"None";"None";"HEK293";"None";"";"";"";"CHEMBL4086";"Prostanoid EP4 receptor";"Rattus norvegicus";"SINGLE PROTEIN";"CHEMBL1158403";"1";"Scientific Literature";"Bioorg Med Chem Lett";"2009";"CHEMBL3307715";"";""
"CHEMBL554823";"";"None";"399.55";"0";"3.71";"3d";"CCCCC(O)c1ccc(CN(CCCCCCC(=O)O)S(C)(=O)=O)cc1";"IC50";"'>'";"3200.0";"nM";"";"";"";"UO_0000065";"";"";"";"";"0";"CHEMBL1027713";"Inhibition of rat EP4 receptor expressed in HEK293 cells";"B";"BAO_0000219";"cell-based format";"Rattus norvegicus";"None";"None";"HEK293";"None";"";"";"";"CHEMBL4086";"Prostanoid EP4 receptor";"Rattus norvegicus";"SINGLE PROTEIN";"CHEMBL1158403";"1";"Scientific Literature";"Bioorg Med Chem Lett";"2009";"CHEMBL3307715";"";""
"CHEMBL559561";"";"None";"371.50";"0";"2.67";"6a";"CCCCc1ccc(CN(CCCCOCC(=O)O)S(C)(=O)=O)cc1";"IC50";"'>'";"3200.0";"nM";"";"";"";"UO_0000065";"";"";"";"";"0";"CHEMBL1027713";"Inhibition of rat EP4 receptor expressed in HEK293 cells";"B";"BAO_0000219";"cell-based format";"Rattus norvegicus";"None";"None";"HEK293";"None";"";"";"";"CHEMBL4086";"Prostanoid EP4 receptor";"Rattus norvegicus";"SINGLE PROTEIN";"CHEMBL1158403";"1";"Scientific Literature";"Bioorg Med Chem Lett";"2009";"CHEMBL3307715";"";""
"CHEMBL549870";"";"None";"403.54";"0";"4.01";"6i";"CCCCc1ccc(CN(Cc2cccc(CCC(=O)O)c2)S(C)(=O)=O)cc1";"IC50";"'>'";"3200.0";"nM";"";"";"";"UO_0000065";"";"";"";"";"0";"CHEMBL1027713";"Inhibition of rat EP4 receptor expressed in HEK293 cells";"B";"BAO_0000219";"cell-based format";"Rattus norvegicus";"None";"None";"HEK293";"None";"";"";"";"CHEMBL4086";"Prostanoid EP4 receptor";"Rattus norvegicus";"SINGLE PROTEIN";"CHEMBL1158403";"1";"Scientific Literature";"Bioorg Med Chem Lett";"2009";"CHEMBL3307715";"";""
"CHEMBL556416";"";"None";"485.61";"0";"3.71";"7c";"Cn1ccnc1CS(=O)(=O)N(Cc1ccc(C(C)(C)C)cc1)Cc1cccc(OCC(=O)O)c1";"IC50";"'>'";"3200.0";"nM";"";"";"";"UO_0000065";"";"";"";"";"0";"CHEMBL1027713";"Inhibition of rat EP4 receptor expressed in HEK293 cells";"B";"BAO_0000219";"cell-based format";"Rattus norvegicus";"None";"None";"HEK293";"None";"";"";"";"CHEMBL4086";"Prostanoid EP4 receptor";"Rattus norvegicus";"SINGLE PROTEIN";"CHEMBL1158403";"1";"Scientific Literature";"Bioorg Med Chem Lett";"2009";"CHEMBL3307715";"";""
"CHEMBL1933722";"";"None";"432.57";"0";"3.39";"3";"Cc1cccc(C[C@H](O)/C=C/[C@H]2CCC(=O)N2CCSc2nc(C(=O)O)cs2)c1";"EC50";"'='";"0.79";"nM";"9.10";"";"";"UO_0000065";"";"";"";"";"0";"CHEMBL1960894";"Agonist activity at rat EP4 receptor";"F";"BAO_0000019";"assay format";"Rattus norvegicus";"None";"None";"None";"None";"";"";"";"CHEMBL4086";"Prostanoid EP4 receptor";"Rattus norvegicus";"SINGLE PROTEIN";"CHEMBL1955856";"1";"Scientific Literature";"Bioorg Med Chem";"2012";"None";"";""
"CHEMBL42027";"";"None";"339.48";"0";"3.51";"4";"CCCCC[C@H](O)/C=C/[C@H]1CCC(=O)N1CCCCCCC(=O)O";"EC50";"'='";"8.4";"nM";"8.08";"";"";"UO_0000065";"";"";"";"";"0";"CHEMBL1960894";"Agonist activity at rat EP4 receptor";"F";"BAO_0000019";"assay format";"Rattus norvegicus";"None";"None";"None";"None";"";"";"";"CHEMBL4086";"Prostanoid EP4 receptor";"Rattus norvegicus";"SINGLE PROTEIN";"CHEMBL1955856";"1";"Scientific Literature";"Bioorg Med Chem";"2012";"None";"";""
"CHEMBL1929546";"";"None";"403.59";"0";"4.54";"20";"CCc1cccc(C[C@H](O)/C=C/[C@H]2CCC(=S)N2CCCCCCC(=O)O)c1";"EC50";"'='";"9.4";"nM";"8.03";"";"";"UO_0000065";"";"";"";"";"0";"CHEMBL1932312";"Agonist activity at rat EP4 receptor expressed in CHO cells assessed as cAMP production after 10 mins by radioimmunoassay";"F";"BAO_0000219";"cell-based format";"Rattus norvegicus";"None";"None";"CHO";"None";"";"";"";"CHEMBL4086";"Prostanoid EP4 receptor";"Rattus norvegicus";"SINGLE PROTEIN";"CHEMBL1926627";"1";"Scientific Literature";"Bioorg Med Chem";"2012";"CHEMBL3308072";"";""
"CHEMBL1929551";"";"None";"407.60";"0";"3.84";"25";"Cc1cccc(C[C@H](O)/C=C/[C@H]2CCC(=S)N2CCSCCCC(=O)O)c1";"EC50";"'='";"7.7";"nM";"8.11";"";"";"UO_0000065";"";"";"";"";"0";"CHEMBL1932312";"Agonist activity at rat EP4 receptor expressed in CHO cells assessed as cAMP production after 10 mins by radioimmunoassay";"F";"BAO_0000219";"cell-based format";"Rattus norvegicus";"None";"None";"CHO";"None";"";"";"";"CHEMBL4086";"Prostanoid EP4 receptor";"Rattus norvegicus";"SINGLE PROTEIN";"CHEMBL1926627";"1";"Scientific Literature";"Bioorg Med Chem";"2012";"CHEMBL3308072";"";""
"CHEMBL1929547";"";"None";"417.62";"0";"4.93";"21";"CCCc1cccc(C[C@H](O)/C=C/[C@H]2CCC(=S)N2CCCCCCC(=O)O)c1";"EC50";"'='";"27.0";"nM";"7.57";"";"";"UO_0000065";"";"";"";"";"0";"CHEMBL1932312";"Agonist activity at rat EP4 receptor expressed in CHO cells assessed as cAMP production after 10 mins by radioimmunoassay";"F";"BAO_0000219";"cell-based format";"Rattus norvegicus";"None";"None";"CHO";"None";"";"";"";"CHEMBL4086";"Prostanoid EP4 receptor";"Rattus norvegicus";"SINGLE PROTEIN";"CHEMBL1926627";"1";"Scientific Literature";"Bioorg Med Chem";"2012";"CHEMBL3308072";"";""
"CHEMBL208510";"";"None";"445.48";"0";"4.29";"21a";"O=C(O)CCCCCCN1C(=O)CC[C@@H]1CC[C@@H](O)Cc1cccc(OC(F)(F)F)c1";"EC50";"'='";"50.0";"nM";"7.30";"";"";"UO_0000065";"";"";"";"";"0";"CHEMBL867830";"Activity at rat EP4 transfected in HEK293 cells by cAMP accumulation";"F";"BAO_0000219";"cell-based format";"Rattus norvegicus";"None";"None";"HEK293";"None";"";"";"";"CHEMBL4086";"Prostanoid EP4 receptor";"Rattus norvegicus";"SINGLE PROTEIN";"CHEMBL1146126";"1";"Scientific Literature";"Bioorg Med Chem Lett";"2006";"CHEMBL3307715";"";""
"CHEMBL383339";"";"None";"419.56";"0";"3.59";"20a";"COCCc1cccc(C[C@H](O)CC[C@H]2CCC(=O)N2CCCCCCC(=O)O)c1";"IC50";"'='";"210.0";"nM";"6.68";"";"";"UO_0000065";"15.92";"0.30";"3.09";"7.67";"0";"CHEMBL869627";"Binding affinity to rat EP4 receptor expressed in HEK293 cells";"B";"BAO_0000219";"cell-based format";"Rattus norvegicus";"None";"None";"HEK293";"None";"";"";"";"CHEMBL4086";"Prostanoid EP4 receptor";"Rattus norvegicus";"SINGLE PROTEIN";"CHEMBL1146126";"1";"Scientific Literature";"Bioorg Med Chem Lett";"2006";"CHEMBL3307715";"";""
"CHEMBL427035";"";"None";"395.50";"0";"3.69";"2b";"O=C(O)c1ccc(CCCN2C(=O)CCC2CCC(O)Cc2ccccc2)cc1";"IC50";"'='";"250.0";"nM";"6.60";"";"";"UO_0000065";"16.69";"0.31";"2.91";"8.48";"0";"CHEMBL869627";"Binding affinity to rat EP4 receptor expressed in HEK293 cells";"B";"BAO_0000219";"cell-based format";"Rattus norvegicus";"None";"None";"HEK293";"None";"";"";"";"CHEMBL4086";"Prostanoid EP4 receptor";"Rattus norvegicus";"SINGLE PROTEIN";"CHEMBL1146126";"1";"Scientific Literature";"Bioorg Med Chem Lett";"2006";"CHEMBL3307715";"";""
"CHEMBL203076";"";"None";"377.48";"0";"3.10";"18a";"O=C(O)CCCCCCN1C(=O)CC[C@@H]1CC[C@@H](O)Cc1cccc(O)c1";"EC50";"'='";"170.0";"nM";"6.77";"";"";"UO_0000065";"";"";"";"";"0";"CHEMBL867830";"Activity at rat EP4 transfected in HEK293 cells by cAMP accumulation";"F";"BAO_0000219";"cell-based format";"Rattus norvegicus";"None";"None";"HEK293";"None";"";"";"";"CHEMBL4086";"Prostanoid EP4 receptor";"Rattus norvegicus";"SINGLE PROTEIN";"CHEMBL1146126";"1";"Scientific Literature";"Bioorg Med Chem Lett";"2006";"CHEMBL3307715";"";""
"CHEMBL425409";"";"None";"386.49";"0";"3.27";"17a";"N#Cc1cccc(C[C@H](O)CC[C@H]2CCC(=O)N2CCCCCCC(=O)O)c1";"Activity";"'='";"104.0";"%";"";"";"";"UO_0000187";"";"";"";"";"0";"CHEMBL867831";"Activity at rat EP4 transfected in HEK293 cells by cAMP accumulation compared to PGE2";"F";"BAO_0000219";"cell-based format";"Rattus norvegicus";"None";"None";"HEK293";"None";"";"";"";"CHEMBL4086";"Prostanoid EP4 receptor";"Rattus norvegicus";"SINGLE PROTEIN";"CHEMBL1146126";"1";"Scientific Literature";"Bioorg Med Chem Lett";"2006";"CHEMBL3307715";"";""
"CHEMBL1929533";"";"None";"447.48";"0";"3.58";"7";"O=C(O)CCCSCCN1C(=O)OC[C@@H]1/C=C/[C@@H](O)Cc1cccc(C(F)(F)F)c1";"EC50";"'='";"12.0";"nM";"7.92";"";"";"UO_0000065";"";"";"";"";"0";"CHEMBL1932312";"Agonist activity at rat EP4 receptor expressed in CHO cells assessed as cAMP production after 10 mins by radioimmunoassay";"F";"BAO_0000219";"cell-based format";"Rattus norvegicus";"None";"None";"CHO";"None";"";"";"";"CHEMBL4086";"Prostanoid EP4 receptor";"Rattus norvegicus";"SINGLE PROTEIN";"CHEMBL1926627";"1";"Scientific Literature";"Bioorg Med Chem";"2012";"CHEMBL3308072";"";""
"CHEMBL1929537";"";"None";"463.47";"0";"3.46";"11";"O=C(O)CCCSCCN1C(=O)OC[C@@H]1/C=C/[C@@H](O)Cc1cccc(OC(F)(F)F)c1";"EC50";"'='";"160.0";"nM";"6.80";"";"";"UO_0000065";"";"";"";"";"0";"CHEMBL1932312";"Agonist activity at rat EP4 receptor expressed in CHO cells assessed as cAMP production after 10 mins by radioimmunoassay";"F";"BAO_0000219";"cell-based format";"Rattus norvegicus";"None";"None";"CHO";"None";"";"";"";"CHEMBL4086";"Prostanoid EP4 receptor";"Rattus norvegicus";"SINGLE PROTEIN";"CHEMBL1926627";"1";"Scientific Literature";"Bioorg Med Chem";"2012";"CHEMBL3308072";"";""
"CHEMBL1929526";"";"None";"403.52";"0";"3.32";"1";"COCc1cccc(C[C@H](O)/C=C/[C@H]2CCC(=O)N2CCCCCCC(=O)O)c1";"EC50";"'='";"15.0";"nM";"7.82";"";"";"UO_0000065";"";"";"";"";"0";"CHEMBL1932312";"Agonist activity at rat EP4 receptor expressed in CHO cells assessed as cAMP production after 10 mins by radioimmunoassay";"F";"BAO_0000219";"cell-based format";"Rattus norvegicus";"None";"None";"CHO";"None";"";"";"";"CHEMBL4086";"Prostanoid EP4 receptor";"Rattus norvegicus";"SINGLE PROTEIN";"CHEMBL1926627";"1";"Scientific Literature";"Bioorg Med Chem";"2012";"CHEMBL3308072";"";""
"CHEMBL1929527";"";"None";"421.56";"0";"2.88";"2";"COCc1cccc(C[C@H](O)/C=C/[C@H]2CCC(=O)N2CCSCCCC(=O)O)c1";"EC50";"'='";"1.3";"nM";"8.89";"";"";"UO_0000065";"";"";"";"";"0";"CHEMBL1932312";"Agonist activity at rat EP4 receptor expressed in CHO cells assessed as cAMP production after 10 mins by radioimmunoassay";"F";"BAO_0000219";"cell-based format";"Rattus norvegicus";"None";"None";"CHO";"None";"";"";"";"CHEMBL4086";"Prostanoid EP4 receptor";"Rattus norvegicus";"SINGLE PROTEIN";"CHEMBL1926627";"1";"Scientific Literature";"Bioorg Med Chem";"2012";"CHEMBL3308072";"";""
"CHEMBL1929529";"";"None";"379.48";"0";"2.57";"3";"O=C(O)CCCSCCN1C(=O)OC[C@@H]1/C=C/[C@@H](O)Cc1ccccc1";"EC50";"'='";"36.0";"nM";"7.44";"";"";"UO_0000065";"";"";"";"";"0";"CHEMBL1932312";"Agonist activity at rat EP4 receptor expressed in CHO cells assessed as cAMP production after 10 mins by radioimmunoassay";"F";"BAO_0000219";"cell-based format";"Rattus norvegicus";"None";"None";"CHO";"None";"";"";"";"CHEMBL4086";"Prostanoid EP4 receptor";"Rattus norvegicus";"SINGLE PROTEIN";"CHEMBL1926627";"1";"Scientific Literature";"Bioorg Med Chem";"2012";"CHEMBL3308072";"";""
"CHEMBL1929538";"";"None";"423.53";"0";"2.71";"12";"COCc1cccc(C[C@H](O)/C=C/[C@H]2COC(=O)N2CCSCCCC(=O)O)c1";"EC50";"'='";"24.0";"nM";"7.62";"";"";"UO_0000065";"";"";"";"";"0";"CHEMBL1932312";"Agonist activity at rat EP4 receptor expressed in CHO cells assessed as cAMP production after 10 mins by radioimmunoassay";"F";"BAO_0000219";"cell-based format";"Rattus norvegicus";"None";"None";"CHO";"None";"";"";"";"CHEMBL4086";"Prostanoid EP4 receptor";"Rattus norvegicus";"SINGLE PROTEIN";"CHEMBL1926627";"1";"Scientific Literature";"Bioorg Med Chem";"2012";"CHEMBL3308072";"";""
"CHEMBL562825";"";"None";"419.54";"0";"3.96";"6b";"CCCCc1ccc(CN(CCCOc2cccc(C(=O)O)c2)S(C)(=O)=O)cc1";"IC50";"'>'";"3200.0";"nM";"";"";"";"UO_0000065";"";"";"";"";"0";"CHEMBL1027713";"Inhibition of rat EP4 receptor expressed in HEK293 cells";"B";"BAO_0000219";"cell-based format";"Rattus norvegicus";"None";"None";"HEK293";"None";"";"";"";"CHEMBL4086";"Prostanoid EP4 receptor";"Rattus norvegicus";"SINGLE PROTEIN";"CHEMBL1158403";"1";"Scientific Literature";"Bioorg Med Chem Lett";"2009";"CHEMBL3307715";"";""
"CHEMBL1933717";"";"None";"391.53";"0";"3.04";"3a";"Cc1cccc(C[C@H](O)/C=C/[C@H]2CCC(=O)N2CCSCCCC(=O)O)c1";"EC50";"'='";"5.7";"nM";"8.24";"";"";"UO_0000065";"";"";"";"";"0";"CHEMBL2038102";"Agonist activity at rat EP4 receptor expressed in CHO cells assessed as cAMP production after 10 mins by radioimmunoassay";"F";"BAO_0000219";"cell-based format";"Rattus norvegicus";"None";"None";"CHO";"None";"";"";"";"CHEMBL4086";"Prostanoid EP4 receptor";"Rattus norvegicus";"SINGLE PROTEIN";"CHEMBL2034814";"1";"Scientific Literature";"Bioorg Med Chem";"2012";"CHEMBL3308072";"";""
"CHEMBL2037291";"";"None";"563.70";"2";"5.51";"4p";"Cc1cc(C)c2oc(-c3cccc(C[C@H](O)/C=C/[C@H]4CCC(=O)N4CCSc4nc(C(=O)O)cs4)c3)nc2c1";"EC50";"'='";"7.7";"nM";"8.11";"";"";"UO_0000065";"";"";"";"";"0";"CHEMBL2038102";"Agonist activity at rat EP4 receptor expressed in CHO cells assessed as cAMP production after 10 mins by radioimmunoassay";"F";"BAO_0000219";"cell-based format";"Rattus norvegicus";"None";"None";"CHO";"None";"";"";"";"CHEMBL4086";"Prostanoid EP4 receptor";"Rattus norvegicus";"SINGLE PROTEIN";"CHEMBL2034814";"1";"Scientific Literature";"Bioorg Med Chem";"2012";"CHEMBL3308072";"";""
"CHEMBL2036313";"";"None";"510.68";"2";"5.01";"3h";"O=C(O)CCCSCCN1C(=O)CC[C@@H]1/C=C/[C@@H](O)Cc1cccc(-c2nc3ccccc3s2)c1";"EC50";"'='";"3.2";"nM";"8.49";"";"";"UO_0000065";"";"";"";"";"0";"CHEMBL2038102";"Agonist activity at rat EP4 receptor expressed in CHO cells assessed as cAMP production after 10 mins by radioimmunoassay";"F";"BAO_0000219";"cell-based format";"Rattus norvegicus";"None";"None";"CHO";"None";"";"";"";"CHEMBL4086";"Prostanoid EP4 receptor";"Rattus norvegicus";"SINGLE PROTEIN";"CHEMBL2034814";"1";"Scientific Literature";"Bioorg Med Chem";"2012";"CHEMBL3308072";"";""
"CHEMBL2037292";"";"None";"570.09";"2";"5.55";"4q";"O=C(O)c1csc(SCCN2C(=O)CC[C@@H]2/C=C/[C@@H](O)Cc2cccc(-c3nc4cc(Cl)ccc4o3)c2)n1";"EC50";"'='";"4.9";"nM";"8.31";"";"";"UO_0000065";"";"";"";"";"0";"CHEMBL2038102";"Agonist activity at rat EP4 receptor expressed in CHO cells assessed as cAMP production after 10 mins by radioimmunoassay";"F";"BAO_0000219";"cell-based format";"Rattus norvegicus";"None";"None";"CHO";"None";"";"";"";"CHEMBL4086";"Prostanoid EP4 receptor";"Rattus norvegicus";"SINGLE PROTEIN";"CHEMBL2034814";"1";"Scientific Literature";"Bioorg Med Chem";"2012";"CHEMBL3308072";"";""
"CHEMBL4099851";"";"None";"414.82";"0";"4.86";"4j; AAT-008";"C[C@H](NC(=O)c1cc(Cl)cnc1Oc1cccc(F)c1)c1ccc(C(=O)O)cc1";"Ki";"'='";"6.1";"nM";"8.21";"";"";"UO_0000065";"19.80";"0.39";"3.35";"9.28";"0";"CHEMBL3997104";"Antagonist activity at rat recombinant EP4 receptor";"B";"BAO_0000357";"single protein format";"Rattus norvegicus";"None";"None";"None";"None";"";"";"";"CHEMBL4086";"Prostanoid EP4 receptor";"Rattus norvegicus";"SINGLE PROTEIN";"CHEMBL3994644";"1";"Scientific Literature";"Bioorg Med Chem Lett";"2017";"None";"";""
"CHEMBL2036311";"";"None";"492.64";"0";"4.88";"3f";"O=C(O)CCCSCCN1C(=O)CC[C@@H]1/C=C/[C@@H](O)Cc1cccc(-c2ccc3[nH]ccc3c2)c1";"EC50";"'='";"85.0";"nM";"7.07";"";"";"UO_0000065";"";"";"";"";"0";"CHEMBL2038102";"Agonist activity at rat EP4 receptor expressed in CHO cells assessed as cAMP production after 10 mins by radioimmunoassay";"F";"BAO_0000219";"cell-based format";"Rattus norvegicus";"None";"None";"CHO";"None";"";"";"";"CHEMBL4086";"Prostanoid EP4 receptor";"Rattus norvegicus";"SINGLE PROTEIN";"CHEMBL2034814";"1";"Scientific Literature";"Bioorg Med Chem";"2012";"CHEMBL3308072";"";""
"CHEMBL378376";"";"None";"469.52";"0";"4.77";"50, CP432";"O=C(O)c1ccc(CCCN2C(=O)CC[C@@H]2CC[C@@H](O)Cc2cccc(C(F)(F)F)c2)s1";"IC50";"'='";"6.0";"nM";"8.22";"";"";"UO_0000065";"17.51";"0.35";"3.45";"10.56";"0";"CHEMBL1120705";"Binding affinity to rat EP4 receptor";"B";"BAO_0000357";"single protein format";"Rattus norvegicus";"None";"None";"None";"None";"";"";"";"CHEMBL4086";"Prostanoid EP4 receptor";"Rattus norvegicus";"SINGLE PROTEIN";"CHEMBL1155461";"1";"Scientific Literature";"J Med Chem";"2010";"None";"";""
"CHEMBL207237";"";"None";"419.52";"0";"3.89";"10c";"O=C(O)c1ccc(CCCN2C(=O)CC[C@@H]2CC[C@@H](O)Cc2ccc(F)cc2)s1";"Activity";"'='";"70.0";"%";"";"";"";"UO_0000187";"";"";"";"";"0";"CHEMBL867831";"Activity at rat EP4 transfected in HEK293 cells by cAMP accumulation compared to PGE2";"F";"BAO_0000219";"cell-based format";"Rattus norvegicus";"None";"None";"HEK293";"None";"";"";"";"CHEMBL4086";"Prostanoid EP4 receptor";"Rattus norvegicus";"SINGLE PROTEIN";"CHEMBL1146126";"1";"Scientific Literature";"Bioorg Med Chem Lett";"2006";"CHEMBL3307715";"";""
"CHEMBL383515";"";"None";"429.94";"0";"4.35";"13b";"O=C(O)c1ccc(CCCN2C(=O)CCC2CCC(O)Cc2cccc(Cl)c2)cc1";"IC50";"'='";"42.0";"nM";"7.38";"";"";"UO_0000065";"17.16";"0.34";"3.03";"9.48";"0";"CHEMBL869627";"Binding affinity to rat EP4 receptor expressed in HEK293 cells";"B";"BAO_0000219";"cell-based format";"Rattus norvegicus";"None";"None";"HEK293";"None";"";"";"";"CHEMBL4086";"Prostanoid EP4 receptor";"Rattus norvegicus";"SINGLE PROTEIN";"CHEMBL1146126";"1";"Scientific Literature";"Bioorg Med Chem Lett";"2006";"CHEMBL3307715";"";""
"CHEMBL2036307";"";"None";"453.60";"0";"4.40";"3b";"O=C(O)CCCSCCN1C(=O)CC[C@@H]1/C=C/[C@@H](O)Cc1cccc(-c2ccccc2)c1";"EC50";"'='";"52.0";"nM";"7.28";"";"";"UO_0000065";"";"";"";"";"0";"CHEMBL2038102";"Agonist activity at rat EP4 receptor expressed in CHO cells assessed as cAMP production after 10 mins by radioimmunoassay";"F";"BAO_0000219";"cell-based format";"Rattus norvegicus";"None";"None";"CHO";"None";"";"";"";"CHEMBL4086";"Prostanoid EP4 receptor";"Rattus norvegicus";"SINGLE PROTEIN";"CHEMBL2034814";"1";"Scientific Literature";"Bioorg Med Chem";"2012";"CHEMBL3308072";"";""
"CHEMBL1929531";"";"None";"407.53";"0";"3.13";"5";"CCc1cccc(C[C@H](O)/C=C/[C@H]2COC(=O)N2CCSCCCC(=O)O)c1";"EC50";"'='";"18.0";"nM";"7.75";"";"";"UO_0000065";"";"";"";"";"0";"CHEMBL1932312";"Agonist activity at rat EP4 receptor expressed in CHO cells assessed as cAMP production after 10 mins by radioimmunoassay";"F";"BAO_0000219";"cell-based format";"Rattus norvegicus";"None";"None";"CHO";"None";"";"";"";"CHEMBL4086";"Prostanoid EP4 receptor";"Rattus norvegicus";"SINGLE PROTEIN";"CHEMBL1926627";"1";"Scientific Literature";"Bioorg Med Chem";"2012";"CHEMBL3308072";"";""
"CHEMBL558671";"";"None";"389.52";"0";"4.15";"3f";"CS(=O)(=O)N(CCCCCCC(=O)O)Cc1ccc(-c2ccccc2)cc1";"IC50";"'>'";"3200.0";"nM";"";"";"";"UO_0000065";"";"";"";"";"0";"CHEMBL1027713";"Inhibition of rat EP4 receptor expressed in HEK293 cells";"B";"BAO_0000219";"cell-based format";"Rattus norvegicus";"None";"None";"HEK293";"None";"";"";"";"CHEMBL4086";"Prostanoid EP4 receptor";"Rattus norvegicus";"SINGLE PROTEIN";"CHEMBL1158403";"1";"Scientific Literature";"Bioorg Med Chem Lett";"2009";"CHEMBL3307715";"";""
"CHEMBL559760";"";"None";"403.54";"0";"4.40";"6e";"CCCCc1ccc(CN(c2ccccc2CCCC(=O)O)S(C)(=O)=O)cc1";"IC50";"'>'";"3200.0";"nM";"";"";"";"UO_0000065";"";"";"";"";"0";"CHEMBL1027713";"Inhibition of rat EP4 receptor expressed in HEK293 cells";"B";"BAO_0000219";"cell-based format";"Rattus norvegicus";"None";"None";"HEK293";"None";"";"";"";"CHEMBL4086";"Prostanoid EP4 receptor";"Rattus norvegicus";"SINGLE PROTEIN";"CHEMBL1158403";"1";"Scientific Literature";"Bioorg Med Chem Lett";"2009";"CHEMBL3307715";"";""
"CHEMBL556333";"";"None";"403.54";"0";"3.96";"6j";"CC(C)(C)c1ccc(CN(Cc2cccc(CCC(=O)O)c2)S(C)(=O)=O)cc1";"IC50";"'>'";"3200.0";"nM";"";"";"";"UO_0000065";"";"";"";"";"0";"CHEMBL1027713";"Inhibition of rat EP4 receptor expressed in HEK293 cells";"B";"BAO_0000219";"cell-based format";"Rattus norvegicus";"None";"None";"HEK293";"None";"";"";"";"CHEMBL4086";"Prostanoid EP4 receptor";"Rattus norvegicus";"SINGLE PROTEIN";"CHEMBL1158403";"1";"Scientific Literature";"Bioorg Med Chem Lett";"2009";"CHEMBL3307715";"";""
"CHEMBL1929530";"";"None";"393.51";"0";"2.87";"4";"Cc1cccc(C[C@H](O)/C=C/[C@H]2COC(=O)N2CCSCCCC(=O)O)c1";"EC50";"'='";"33.0";"nM";"7.48";"";"";"UO_0000065";"";"";"";"";"0";"CHEMBL1932312";"Agonist activity at rat EP4 receptor expressed in CHO cells assessed as cAMP production after 10 mins by radioimmunoassay";"F";"BAO_0000219";"cell-based format";"Rattus norvegicus";"None";"None";"CHO";"None";"";"";"";"CHEMBL4086";"Prostanoid EP4 receptor";"Rattus norvegicus";"SINGLE PROTEIN";"CHEMBL1926627";"1";"Scientific Literature";"Bioorg Med Chem";"2012";"CHEMBL3308072";"";""
"CHEMBL1929535";"";"None";"413.92";"0";"3.22";"9";"O=C(O)CCCSCCN1C(=O)OC[C@@H]1/C=C/[C@@H](O)Cc1cccc(Cl)c1";"EC50";"'='";"23.0";"nM";"7.64";"";"";"UO_0000065";"";"";"";"";"0";"CHEMBL1932312";"Agonist activity at rat EP4 receptor expressed in CHO cells assessed as cAMP production after 10 mins by radioimmunoassay";"F";"BAO_0000219";"cell-based format";"Rattus norvegicus";"None";"None";"CHO";"None";"";"";"";"CHEMBL4086";"Prostanoid EP4 receptor";"Rattus norvegicus";"SINGLE PROTEIN";"CHEMBL1926627";"1";"Scientific Literature";"Bioorg Med Chem";"2012";"CHEMBL3308072";"";""
"CHEMBL1929544";"";"None";"439.60";"0";"3.43";"18";"COCc1cccc(C[C@H](O)/C=C/[C@H]2CSC(=O)N2CCSCCCC(=O)O)c1";"EC50";"'='";"2.4";"nM";"8.62";"";"";"UO_0000065";"";"";"";"";"0";"CHEMBL1932312";"Agonist activity at rat EP4 receptor expressed in CHO cells assessed as cAMP production after 10 mins by radioimmunoassay";"F";"BAO_0000219";"cell-based format";"Rattus norvegicus";"None";"None";"CHO";"None";"";"";"";"CHEMBL4086";"Prostanoid EP4 receptor";"Rattus norvegicus";"SINGLE PROTEIN";"CHEMBL1926627";"1";"Scientific Literature";"Bioorg Med Chem";"2012";"CHEMBL3308072";"";""
"CHEMBL1929549";"";"None";"393.52";"0";"4.11";"23";"O=C(O)CCCCCCN1C(=S)CC[C@@H]1/C=C/[C@@H](O)Cc1cccc(F)c1";"EC50";"'='";"26.0";"nM";"7.58";"";"";"UO_0000065";"";"";"";"";"0";"CHEMBL1932312";"Agonist activity at rat EP4 receptor expressed in CHO cells assessed as cAMP production after 10 mins by radioimmunoassay";"F";"BAO_0000219";"cell-based format";"Rattus norvegicus";"None";"None";"CHO";"None";"";"";"";"CHEMBL4086";"Prostanoid EP4 receptor";"Rattus norvegicus";"SINGLE PROTEIN";"CHEMBL1926627";"1";"Scientific Literature";"Bioorg Med Chem";"2012";"CHEMBL3308072";"";""
"CHEMBL548";"DINOPROSTONE";"4.0";"352.47";"0";"3.25";"1";"CCCCC[C@H](O)/C=C/[C@H]1[C@H](O)CC(=O)[C@@H]1C/C=C\CCCC(=O)O";"IC50";"'='";"2.1";"nM";"8.68";"";"";"UO_0000065";"24.62";"0.47";"5.43";"9.15";"0";"CHEMBL1027713";"Inhibition of rat EP4 receptor expressed in HEK293 cells";"B";"BAO_0000219";"cell-based format";"Rattus norvegicus";"None";"None";"HEK293";"None";"";"";"";"CHEMBL4086";"Prostanoid EP4 receptor";"Rattus norvegicus";"SINGLE PROTEIN";"CHEMBL1158403";"1";"Scientific Literature";"Bioorg Med Chem Lett";"2009";"CHEMBL3307715";"";""
"CHEMBL208410";"";"None";"451.59";"0";"4.91";"9c";"O=C(O)c1ccc(CCCN2C(=O)CC[C@@H]2CCC(O)Cc2ccc3ccccc3c2)s1";"EC50";"'='";"500.0";"nM";"6.30";"";"";"UO_0000065";"";"";"";"";"0";"CHEMBL867830";"Activity at rat EP4 transfected in HEK293 cells by cAMP accumulation";"F";"BAO_0000219";"cell-based format";"Rattus norvegicus";"None";"None";"HEK293";"None";"";"";"";"CHEMBL4086";"Prostanoid EP4 receptor";"Rattus norvegicus";"SINGLE PROTEIN";"CHEMBL1146126";"1";"Scientific Literature";"Bioorg Med Chem Lett";"2006";"CHEMBL3307715";"";""
"CHEMBL382029";"";"None";"401.53";"0";"3.75";"2c";"O=C(O)c1ccc(CCCN2C(=O)CC[C@@H]2CCC(O)Cc2ccccc2)s1";"IC50";"'='";"21.0";"nM";"7.68";"";"";"UO_0000065";"19.12";"0.37";"3.93";"9.86";"0";"CHEMBL869627";"Binding affinity to rat EP4 receptor expressed in HEK293 cells";"B";"BAO_0000219";"cell-based format";"Rattus norvegicus";"None";"None";"HEK293";"None";"";"";"";"CHEMBL4086";"Prostanoid EP4 receptor";"Rattus norvegicus";"SINGLE PROTEIN";"CHEMBL1146126";"1";"Scientific Literature";"Bioorg Med Chem Lett";"2006";"CHEMBL3307715";"";""
"CHEMBL1957436";"";"None";"529.08";"2";"5.40";"4d";"O=C(O)c1csc(SCCN2C(=O)CC[C@@H]2/C=C/[C@@H](O)Cc2cccc(-c3ccc(Cl)cc3)c2)n1";"EC50";"'='";"27.0";"nM";"7.57";"";"";"UO_0000065";"";"";"";"";"1";"CHEMBL2038102";"Agonist activity at rat EP4 receptor expressed in CHO cells assessed as cAMP production after 10 mins by radioimmunoassay";"F";"BAO_0000219";"cell-based format";"Rattus norvegicus";"None";"None";"CHO";"None";"";"";"";"CHEMBL4086";"Prostanoid EP4 receptor";"Rattus norvegicus";"SINGLE PROTEIN";"CHEMBL2034814";"1";"Scientific Literature";"Bioorg Med Chem";"2012";"CHEMBL3308072";"";""
"CHEMBL3115074";"";"None";"432.95";"0";"3.50";"Example 1";"C[C@H](NC(=O)[C@H]1CCCCN1CCOc1ccccc1)c1ccc(C(=O)O)cc1.Cl";"IC50";"'='";"15.0";"nM";"7.82";"";"";"UO_0000065";"";"";"";"";"0";"CHEMBL3116957";"Antagonist activity at rat EP4 receptor expressed in HEK293 cells assessed as inhibition of PGE2-stimulated cAMP production after 30 mins by HTRF assay";"F";"BAO_0000219";"cell-based format";"Rattus norvegicus";"None";"None";"HEK293";"None";"";"";"";"CHEMBL4086";"Prostanoid EP4 receptor";"Rattus norvegicus";"SINGLE PROTEIN";"CHEMBL3112423";"1";"Scientific Literature";"ACS Med Chem Lett";"2014";"CHEMBL3307715";"";""
"CHEMBL2036319";"";"None";"524.66";"1";"4.76";"4e";"COc1ccc(-c2cccc(C[C@H](O)/C=C/[C@H]3CCC(=O)N3CCSc3nc(C(=O)O)cs3)c2)cc1";"EC50";"'='";"15.0";"nM";"7.82";"";"";"UO_0000065";"";"";"";"";"0";"CHEMBL2038102";"Agonist activity at rat EP4 receptor expressed in CHO cells assessed as cAMP production after 10 mins by radioimmunoassay";"F";"BAO_0000219";"cell-based format";"Rattus norvegicus";"None";"None";"CHO";"None";"";"";"";"CHEMBL4086";"Prostanoid EP4 receptor";"Rattus norvegicus";"SINGLE PROTEIN";"CHEMBL2034814";"1";"Scientific Literature";"Bioorg Med Chem";"2012";"CHEMBL3308072";"";""
"CHEMBL204058";"";"None";"395.93";"0";"4.05";"13a";"O=C(O)CCCCCCN1C(=O)CCC1CCC(O)Cc1cccc(Cl)c1";"Activity";"'='";"89.0";"%";"";"";"";"UO_0000187";"";"";"";"";"0";"CHEMBL867831";"Activity at rat EP4 transfected in HEK293 cells by cAMP accumulation compared to PGE2";"F";"BAO_0000219";"cell-based format";"Rattus norvegicus";"None";"None";"HEK293";"None";"";"";"";"CHEMBL4086";"Prostanoid EP4 receptor";"Rattus norvegicus";"SINGLE PROTEIN";"CHEMBL1146126";"1";"Scientific Literature";"Bioorg Med Chem Lett";"2006";"CHEMBL3307715";"";""
"CHEMBL208411";"";"None";"471.60";"1";"5.36";"15b";"O=C(O)c1ccc(CCCN2C(=O)CCC2CCC(O)Cc2cccc(-c3ccccc3)c2)cc1";"IC50";"'='";"47.0";"nM";"7.33";"";"";"UO_0000065";"15.54";"0.29";"1.97";"9.41";"0";"CHEMBL869627";"Binding affinity to rat EP4 receptor expressed in HEK293 cells";"B";"BAO_0000219";"cell-based format";"Rattus norvegicus";"None";"None";"HEK293";"None";"";"";"";"CHEMBL4086";"Prostanoid EP4 receptor";"Rattus norvegicus";"SINGLE PROTEIN";"CHEMBL1146126";"1";"Scientific Literature";"Bioorg Med Chem Lett";"2006";"CHEMBL3307715";"";""
"CHEMBL444798";"";"None";"413.49";"0";"3.83";"10b";"O=C(O)c1ccc(CCCN2C(=O)CCC2CCC(O)Cc2ccc(F)cc2)cc1";"IC50";"'='";"2767.0";"nM";"5.56";"";"";"UO_0000065";"13.44";"0.25";"1.73";"7.14";"0";"CHEMBL869627";"Binding affinity to rat EP4 receptor expressed in HEK293 cells";"B";"BAO_0000219";"cell-based format";"Rattus norvegicus";"None";"None";"HEK293";"None";"";"";"";"CHEMBL4086";"Prostanoid EP4 receptor";"Rattus norvegicus";"SINGLE PROTEIN";"CHEMBL1146126";"1";"Scientific Literature";"Bioorg Med Chem Lett";"2006";"CHEMBL3307715";"";""
"CHEMBL208410";"";"None";"451.59";"0";"4.91";"9c";"O=C(O)c1ccc(CCCN2C(=O)CC[C@@H]2CCC(O)Cc2ccc3ccccc3c2)s1";"IC50";"'='";"65.0";"nM";"7.19";"";"";"UO_0000065";"15.92";"0.31";"2.28";"9.23";"0";"CHEMBL869627";"Binding affinity to rat EP4 receptor expressed in HEK293 cells";"B";"BAO_0000219";"cell-based format";"Rattus norvegicus";"None";"None";"HEK293";"None";"";"";"";"CHEMBL4086";"Prostanoid EP4 receptor";"Rattus norvegicus";"SINGLE PROTEIN";"CHEMBL1146126";"1";"Scientific Literature";"Bioorg Med Chem Lett";"2006";"CHEMBL3307715";"";""
"CHEMBL380839";"";"None";"463.50";"0";"4.71";"16b";"O=C(O)c1ccc(CCCN2C(=O)CC[C@@H]2CC[C@@H](O)Cc2cccc(C(F)(F)F)c2)cc1";"IC50";"'='";"70.0";"nM";"7.16";"";"";"UO_0000065";"15.44";"0.30";"2.44";"9.19";"0";"CHEMBL869627";"Binding affinity to rat EP4 receptor expressed in HEK293 cells";"B";"BAO_0000219";"cell-based format";"Rattus norvegicus";"None";"None";"HEK293";"None";"";"";"";"CHEMBL4086";"Prostanoid EP4 receptor";"Rattus norvegicus";"SINGLE PROTEIN";"CHEMBL1146126";"1";"Scientific Literature";"Bioorg Med Chem Lett";"2006";"CHEMBL3307715";"";""
"CHEMBL551951";"";"None";"365.54";"0";"3.00";"2";"CCCCCC(O)CCCN(CCCCCCC(=O)O)S(C)(=O)=O";"IC50";"'='";"2533.0";"nM";"5.60";"";"";"UO_0000065";"15.31";"0.32";"2.60";"5.90";"0";"CHEMBL1027713";"Inhibition of rat EP4 receptor expressed in HEK293 cells";"B";"BAO_0000219";"cell-based format";"Rattus norvegicus";"None";"None";"HEK293";"None";"";"";"";"CHEMBL4086";"Prostanoid EP4 receptor";"Rattus norvegicus";"SINGLE PROTEIN";"CHEMBL1158403";"1";"Scientific Literature";"Bioorg Med Chem Lett";"2009";"CHEMBL3307715";"";""
"CHEMBL2113220";"";"None";"375.51";"0";"3.79";"4";"O=C(O)CCCCCCN1C(=O)CC[C@@H]1CC[C@@H](O)CCc1ccccc1";"IC50";"'='";"2705.0";"nM";"5.57";"";"";"UO_0000065";"14.83";"0.28";"1.78";"7.15";"0";"CHEMBL869627";"Binding affinity to rat EP4 receptor expressed in HEK293 cells";"B";"BAO_0000219";"cell-based format";"Rattus norvegicus";"None";"None";"HEK293";"None";"";"";"";"CHEMBL4086";"Prostanoid EP4 receptor";"Rattus norvegicus";"SINGLE PROTEIN";"CHEMBL1146126";"1";"Scientific Literature";"Bioorg Med Chem Lett";"2006";"CHEMBL3307715";"";""
"CHEMBL203780";"";"None";"361.48";"0";"3.40";"2a";"O=C(O)CCCCCCN1C(=O)CC[C@@H]1CCC(O)Cc1ccccc1";"EC50";"'='";"32.5";"nM";"7.49";"";"";"UO_0000065";"";"";"";"";"0";"CHEMBL867830";"Activity at rat EP4 transfected in HEK293 cells by cAMP accumulation";"F";"BAO_0000219";"cell-based format";"Rattus norvegicus";"None";"None";"HEK293";"None";"";"";"";"CHEMBL4086";"Prostanoid EP4 receptor";"Rattus norvegicus";"SINGLE PROTEIN";"CHEMBL1146126";"1";"Scientific Literature";"Bioorg Med Chem Lett";"2006";"CHEMBL3307715";"";""
"CHEMBL378376";"";"None";"469.52";"0";"4.77";"16c";"O=C(O)c1ccc(CCCN2C(=O)CC[C@@H]2CC[C@@H](O)Cc2cccc(C(F)(F)F)c2)s1";"EC50";"'='";"0.5";"nM";"9.30";"";"";"UO_0000065";"";"";"";"";"1";"CHEMBL867830";"Activity at rat EP4 transfected in HEK293 cells by cAMP accumulation";"F";"BAO_0000219";"cell-based format";"Rattus norvegicus";"None";"None";"HEK293";"None";"";"";"";"CHEMBL4086";"Prostanoid EP4 receptor";"Rattus norvegicus";"SINGLE PROTEIN";"CHEMBL1146126";"1";"Scientific Literature";"Bioorg Med Chem Lett";"2006";"CHEMBL3307715";"";""
"CHEMBL203780";"";"None";"361.48";"0";"3.40";"2a";"O=C(O)CCCCCCN1C(=O)CC[C@@H]1CCC(O)Cc1ccccc1";"IC50";"'='";"54.0";"nM";"7.27";"";"";"UO_0000065";"20.11";"0.38";"3.87";"9.34";"0";"CHEMBL869627";"Binding affinity to rat EP4 receptor expressed in HEK293 cells";"B";"BAO_0000219";"cell-based format";"Rattus norvegicus";"None";"None";"HEK293";"None";"";"";"";"CHEMBL4086";"Prostanoid EP4 receptor";"Rattus norvegicus";"SINGLE PROTEIN";"CHEMBL1146126";"1";"Scientific Literature";"Bioorg Med Chem Lett";"2006";"CHEMBL3307715";"";""
"CHEMBL206774";"";"None";"453.58";"1";"5.19";"22a";"O=C(O)CCCCCCN1C(=O)CC[C@@H]1CCC(O)Cc1cccc(Oc2ccccc2)c1";"IC50";"'='";"536.0";"nM";"6.27";"";"";"UO_0000065";"13.83";"0.26";"1.08";"7.20";"0";"CHEMBL869627";"Binding affinity to rat EP4 receptor expressed in HEK293 cells";"B";"BAO_0000219";"cell-based format";"Rattus norvegicus";"None";"None";"HEK293";"None";"";"";"";"CHEMBL4086";"Prostanoid EP4 receptor";"Rattus norvegicus";"SINGLE PROTEIN";"CHEMBL1146126";"1";"Scientific Literature";"Bioorg Med Chem Lett";"2006";"CHEMBL3307715";"";""
"CHEMBL379746";"";"None";"435.97";"0";"4.41";"13c";"O=C(O)c1ccc(CCCN2C(=O)CC[C@@H]2CC[C@@H](O)Cc2cccc(Cl)c2)s1";"IC50";"'='";"1.1";"nM";"8.96";"";"";"UO_0000065";"20.55";"0.42";"4.55";"11.51";"0";"CHEMBL869627";"Binding affinity to rat EP4 receptor expressed in HEK293 cells";"B";"BAO_0000219";"cell-based format";"Rattus norvegicus";"None";"None";"HEK293";"None";"";"";"";"CHEMBL4086";"Prostanoid EP4 receptor";"Rattus norvegicus";"SINGLE PROTEIN";"CHEMBL1146126";"1";"Scientific Literature";"Bioorg Med Chem Lett";"2006";"CHEMBL3307715";"";""
"CHEMBL208080";"";"None";"413.49";"0";"3.83";"11b";"O=C(O)c1ccc(CCCN2C(=O)CCC2CCC(O)Cc2cccc(F)c2)cc1";"IC50";"'='";"126.0";"nM";"6.90";"";"";"UO_0000065";"16.69";"0.31";"3.07";"8.86";"0";"CHEMBL869627";"Binding affinity to rat EP4 receptor expressed in HEK293 cells";"B";"BAO_0000219";"cell-based format";"Rattus norvegicus";"None";"None";"HEK293";"None";"";"";"";"CHEMBL4086";"Prostanoid EP4 receptor";"Rattus norvegicus";"SINGLE PROTEIN";"CHEMBL1146126";"1";"Scientific Literature";"Bioorg Med Chem Lett";"2006";"CHEMBL3307715";"";""
"CHEMBL383339";"";"None";"419.56";"0";"3.59";"20a";"COCCc1cccc(C[C@H](O)CC[C@H]2CCC(=O)N2CCCCCCC(=O)O)c1";"EC50";"'='";"92.0";"nM";"7.04";"";"";"UO_0000065";"";"";"";"";"0";"CHEMBL867830";"Activity at rat EP4 transfected in HEK293 cells by cAMP accumulation";"F";"BAO_0000219";"cell-based format";"Rattus norvegicus";"None";"None";"HEK293";"None";"";"";"";"CHEMBL4086";"Prostanoid EP4 receptor";"Rattus norvegicus";"SINGLE PROTEIN";"CHEMBL1146126";"1";"Scientific Literature";"Bioorg Med Chem Lett";"2006";"CHEMBL3307715";"";""
"CHEMBL205819";"";"None";"405.54";"0";"3.54";"19a";"COCc1cccc(C[C@H](O)CC[C@H]2CCC(=O)N2CCCCCCC(=O)O)c1";"EC50";"'='";"18.0";"nM";"7.75";"";"";"UO_0000065";"";"";"";"";"0";"CHEMBL867830";"Activity at rat EP4 transfected in HEK293 cells by cAMP accumulation";"F";"BAO_0000219";"cell-based format";"Rattus norvegicus";"None";"None";"HEK293";"None";"";"";"";"CHEMBL4086";"Prostanoid EP4 receptor";"Rattus norvegicus";"SINGLE PROTEIN";"CHEMBL1146126";"1";"Scientific Literature";"Bioorg Med Chem Lett";"2006";"CHEMBL3307715";"";""
"CHEMBL378968";"";"None";"419.52";"0";"3.89";"11c";"O=C(O)c1ccc(CCCN2C(=O)CC[C@@H]2CCC(O)Cc2cccc(F)c2)s1";"EC50";"'='";"2.4";"nM";"8.62";"";"";"UO_0000065";"";"";"";"";"0";"CHEMBL867830";"Activity at rat EP4 transfected in HEK293 cells by cAMP accumulation";"F";"BAO_0000219";"cell-based format";"Rattus norvegicus";"None";"None";"HEK293";"None";"";"";"";"CHEMBL4086";"Prostanoid EP4 receptor";"Rattus norvegicus";"SINGLE PROTEIN";"CHEMBL1146126";"1";"Scientific Literature";"Bioorg Med Chem Lett";"2006";"CHEMBL3307715";"";""
"CHEMBL382029";"";"None";"401.53";"0";"3.75";"2c";"O=C(O)c1ccc(CCCN2C(=O)CC[C@@H]2CCC(O)Cc2ccccc2)s1";"EC50";"'='";"1.7";"nM";"8.77";"";"";"UO_0000065";"";"";"";"";"0";"CHEMBL867830";"Activity at rat EP4 transfected in HEK293 cells by cAMP accumulation";"F";"BAO_0000219";"cell-based format";"Rattus norvegicus";"None";"None";"HEK293";"None";"";"";"";"CHEMBL4086";"Prostanoid EP4 receptor";"Rattus norvegicus";"SINGLE PROTEIN";"CHEMBL1146126";"1";"Scientific Literature";"Bioorg Med Chem Lett";"2006";"CHEMBL3307715";"";""
"CHEMBL203780";"";"None";"361.48";"0";"3.40";"2a";"O=C(O)CCCCCCN1C(=O)CC[C@@H]1CCC(O)Cc1ccccc1";"Activity";"'='";"114.0";"%";"";"";"";"UO_0000187";"";"";"";"";"0";"CHEMBL867831";"Activity at rat EP4 transfected in HEK293 cells by cAMP accumulation compared to PGE2";"F";"BAO_0000219";"cell-based format";"Rattus norvegicus";"None";"None";"HEK293";"None";"";"";"";"CHEMBL4086";"Prostanoid EP4 receptor";"Rattus norvegicus";"SINGLE PROTEIN";"CHEMBL1146126";"1";"Scientific Literature";"Bioorg Med Chem Lett";"2006";"CHEMBL3307715";"";""
"CHEMBL208510";"";"None";"445.48";"0";"4.29";"21a";"O=C(O)CCCCCCN1C(=O)CC[C@@H]1CC[C@@H](O)Cc1cccc(OC(F)(F)F)c1";"Activity";"'='";"78.0";"%";"";"";"";"UO_0000187";"";"";"";"";"0";"CHEMBL867831";"Activity at rat EP4 transfected in HEK293 cells by cAMP accumulation compared to PGE2";"F";"BAO_0000219";"cell-based format";"Rattus norvegicus";"None";"None";"HEK293";"None";"";"";"";"CHEMBL4086";"Prostanoid EP4 receptor";"Rattus norvegicus";"SINGLE PROTEIN";"CHEMBL1146126";"1";"Scientific Literature";"Bioorg Med Chem Lett";"2006";"CHEMBL3307715";"";""
"CHEMBL205819";"";"None";"405.54";"0";"3.54";"19a";"COCc1cccc(C[C@H](O)CC[C@H]2CCC(=O)N2CCCCCCC(=O)O)c1";"Activity";"'='";"89.0";"%";"";"";"";"UO_0000187";"";"";"";"";"0";"CHEMBL867831";"Activity at rat EP4 transfected in HEK293 cells by cAMP accumulation compared to PGE2";"F";"BAO_0000219";"cell-based format";"Rattus norvegicus";"None";"None";"HEK293";"None";"";"";"";"CHEMBL4086";"Prostanoid EP4 receptor";"Rattus norvegicus";"SINGLE PROTEIN";"CHEMBL1146126";"1";"Scientific Literature";"Bioorg Med Chem Lett";"2006";"CHEMBL3307715";"";""
"CHEMBL378376";"";"None";"469.52";"0";"4.77";"16c";"O=C(O)c1ccc(CCCN2C(=O)CC[C@@H]2CC[C@@H](O)Cc2cccc(C(F)(F)F)c2)s1";"Activity";"'='";"102.0";"%";"";"";"";"UO_0000187";"";"";"";"";"1";"CHEMBL867831";"Activity at rat EP4 transfected in HEK293 cells by cAMP accumulation compared to PGE2";"F";"BAO_0000219";"cell-based format";"Rattus norvegicus";"None";"None";"HEK293";"None";"";"";"";"CHEMBL4086";"Prostanoid EP4 receptor";"Rattus norvegicus";"SINGLE PROTEIN";"CHEMBL1146126";"1";"Scientific Literature";"Bioorg Med Chem Lett";"2006";"CHEMBL3307715";"";""
"CHEMBL382197";"";"None";"477.63";"1";"5.42";"15c";"O=C(O)c1ccc(CCCN2C(=O)CC[C@@H]2CCC(O)Cc2cccc(-c3ccccc3)c2)s1";"Activity";"'='";"95.0";"%";"";"";"";"UO_0000187";"";"";"";"";"0";"CHEMBL867831";"Activity at rat EP4 transfected in HEK293 cells by cAMP accumulation compared to PGE2";"F";"BAO_0000219";"cell-based format";"Rattus norvegicus";"None";"None";"HEK293";"None";"";"";"";"CHEMBL4086";"Prostanoid EP4 receptor";"Rattus norvegicus";"SINGLE PROTEIN";"CHEMBL1146126";"1";"Scientific Literature";"Bioorg Med Chem Lett";"2006";"CHEMBL3307715";"";""
"CHEMBL378376";"";"None";"469.52";"0";"4.77";"16c";"O=C(O)c1ccc(CCCN2C(=O)CC[C@@H]2CC[C@@H](O)Cc2cccc(C(F)(F)F)c2)s1";"IC50";"'='";"6.0";"nM";"8.22";"";"";"UO_0000065";"17.51";"0.35";"3.45";"10.56";"1";"CHEMBL869627";"Binding affinity to rat EP4 receptor expressed in HEK293 cells";"B";"BAO_0000219";"cell-based format";"Rattus norvegicus";"None";"None";"HEK293";"None";"";"";"";"CHEMBL4086";"Prostanoid EP4 receptor";"Rattus norvegicus";"SINGLE PROTEIN";"CHEMBL1146126";"1";"Scientific Literature";"Bioorg Med Chem Lett";"2006";"CHEMBL3307715";"";""
"CHEMBL46395";"";"None";"429.48";"0";"4.42";"16a";"O=C(O)CCCCCCN1C(=O)CC[C@@H]1CC[C@@H](O)Cc1cccc(C(F)(F)F)c1";"IC50";"'='";"21.0";"nM";"7.68";"";"";"UO_0000065";"17.88";"0.35";"3.26";"9.86";"0";"CHEMBL869627";"Binding affinity to rat EP4 receptor expressed in HEK293 cells";"B";"BAO_0000219";"cell-based format";"Rattus norvegicus";"None";"None";"HEK293";"None";"";"";"";"CHEMBL4086";"Prostanoid EP4 receptor";"Rattus norvegicus";"SINGLE PROTEIN";"CHEMBL1146126";"1";"Scientific Literature";"Bioorg Med Chem Lett";"2006";"CHEMBL3307715";"";""
"CHEMBL382197";"";"None";"477.63";"1";"5.42";"15c";"O=C(O)c1ccc(CCCN2C(=O)CC[C@@H]2CCC(O)Cc2cccc(-c3ccccc3)c2)s1";"IC50";"'='";"50.0";"nM";"7.30";"";"";"UO_0000065";"15.29";"0.29";"1.88";"9.38";"0";"CHEMBL869627";"Binding affinity to rat EP4 receptor expressed in HEK293 cells";"B";"BAO_0000219";"cell-based format";"Rattus norvegicus";"None";"None";"HEK293";"None";"";"";"";"CHEMBL4086";"Prostanoid EP4 receptor";"Rattus norvegicus";"SINGLE PROTEIN";"CHEMBL1146126";"1";"Scientific Literature";"Bioorg Med Chem Lett";"2006";"CHEMBL3307715";"";""
"CHEMBL208407";"";"None";"375.51";"0";"3.79";"3";"O=C(O)CCCCCCN1C(=O)CCC1CCC(O)CCc1ccccc1";"IC50";"'>'";"3200.0";"nM";"";"";"";"UO_0000065";"";"";"";"";"0";"CHEMBL869627";"Binding affinity to rat EP4 receptor expressed in HEK293 cells";"B";"BAO_0000219";"cell-based format";"Rattus norvegicus";"None";"None";"HEK293";"None";"";"";"";"CHEMBL4086";"Prostanoid EP4 receptor";"Rattus norvegicus";"SINGLE PROTEIN";"CHEMBL1146126";"1";"Scientific Literature";"Bioorg Med Chem Lett";"2006";"CHEMBL3307715";"";""
"CHEMBL425950";"";"None";"429.58";"0";"4.32";"23c";"CCc1ccc(CC(O)CC[C@H]2CCC(=O)N2CCCc2ccc(C(=O)O)s2)cc1";"EC50";"'='";"275.0";"nM";"6.56";"";"";"UO_0000065";"";"";"";"";"0";"CHEMBL867830";"Activity at rat EP4 transfected in HEK293 cells by cAMP accumulation";"F";"BAO_0000219";"cell-based format";"Rattus norvegicus";"None";"None";"HEK293";"None";"";"";"";"CHEMBL4086";"Prostanoid EP4 receptor";"Rattus norvegicus";"SINGLE PROTEIN";"CHEMBL1146126";"1";"Scientific Literature";"Bioorg Med Chem Lett";"2006";"CHEMBL3307715";"";""
"CHEMBL46395";"";"None";"429.48";"0";"4.42";"16a";"O=C(O)CCCCCCN1C(=O)CC[C@@H]1CC[C@@H](O)Cc1cccc(C(F)(F)F)c1";"EC50";"'='";"13.0";"nM";"7.89";"";"";"UO_0000065";"";"";"";"";"0";"CHEMBL867830";"Activity at rat EP4 transfected in HEK293 cells by cAMP accumulation";"F";"BAO_0000219";"cell-based format";"Rattus norvegicus";"None";"None";"HEK293";"None";"";"";"";"CHEMBL4086";"Prostanoid EP4 receptor";"Rattus norvegicus";"SINGLE PROTEIN";"CHEMBL1146126";"1";"Scientific Literature";"Bioorg Med Chem Lett";"2006";"CHEMBL3307715";"";""
"CHEMBL383339";"";"None";"419.56";"0";"3.59";"20a";"COCCc1cccc(C[C@H](O)CC[C@H]2CCC(=O)N2CCCCCCC(=O)O)c1";"Activity";"'='";"82.0";"%";"";"";"";"UO_0000187";"";"";"";"";"0";"CHEMBL867831";"Activity at rat EP4 transfected in HEK293 cells by cAMP accumulation compared to PGE2";"F";"BAO_0000219";"cell-based format";"Rattus norvegicus";"None";"None";"HEK293";"None";"";"";"";"CHEMBL4086";"Prostanoid EP4 receptor";"Rattus norvegicus";"SINGLE PROTEIN";"CHEMBL1146126";"1";"Scientific Literature";"Bioorg Med Chem Lett";"2006";"CHEMBL3307715";"";""
"CHEMBL203076";"";"None";"377.48";"0";"3.10";"18a";"O=C(O)CCCCCCN1C(=O)CC[C@@H]1CC[C@@H](O)Cc1cccc(O)c1";"Activity";"'='";"100.0";"%";"";"";"";"UO_0000187";"";"";"";"";"0";"CHEMBL867831";"Activity at rat EP4 transfected in HEK293 cells by cAMP accumulation compared to PGE2";"F";"BAO_0000219";"cell-based format";"Rattus norvegicus";"None";"None";"HEK293";"None";"";"";"";"CHEMBL4086";"Prostanoid EP4 receptor";"Rattus norvegicus";"SINGLE PROTEIN";"CHEMBL1146126";"1";"Scientific Literature";"Bioorg Med Chem Lett";"2006";"CHEMBL3307715";"";""
"CHEMBL208399";"";"None";"437.58";"1";"5.06";"15a";"O=C(O)CCCCCCN1C(=O)CC[C@@H]1CC[C@@H](O)Cc1cccc(-c2ccccc2)c1";"Activity";"'='";"101.0";"%";"";"";"";"UO_0000187";"";"";"";"";"0";"CHEMBL867831";"Activity at rat EP4 transfected in HEK293 cells by cAMP accumulation compared to PGE2";"F";"BAO_0000219";"cell-based format";"Rattus norvegicus";"None";"None";"HEK293";"None";"";"";"";"CHEMBL4086";"Prostanoid EP4 receptor";"Rattus norvegicus";"SINGLE PROTEIN";"CHEMBL1146126";"1";"Scientific Literature";"Bioorg Med Chem Lett";"2006";"CHEMBL3307715";"";""
"CHEMBL379746";"";"None";"435.97";"0";"4.41";"13c";"O=C(O)c1ccc(CCCN2C(=O)CC[C@@H]2CC[C@@H](O)Cc2cccc(Cl)c2)s1";"Activity";"'='";"70.0";"%";"";"";"";"UO_0000187";"";"";"";"";"0";"CHEMBL867831";"Activity at rat EP4 transfected in HEK293 cells by cAMP accumulation compared to PGE2";"F";"BAO_0000219";"cell-based format";"Rattus norvegicus";"None";"None";"HEK293";"None";"";"";"";"CHEMBL4086";"Prostanoid EP4 receptor";"Rattus norvegicus";"SINGLE PROTEIN";"CHEMBL1146126";"1";"Scientific Literature";"Bioorg Med Chem Lett";"2006";"CHEMBL3307715";"";""
"CHEMBL383515";"";"None";"429.94";"0";"4.35";"13b";"O=C(O)c1ccc(CCCN2C(=O)CCC2CCC(O)Cc2cccc(Cl)c2)cc1";"Activity";"'='";"106.0";"%";"";"";"";"UO_0000187";"";"";"";"";"0";"CHEMBL867831";"Activity at rat EP4 transfected in HEK293 cells by cAMP accumulation compared to PGE2";"F";"BAO_0000219";"cell-based format";"Rattus norvegicus";"None";"None";"HEK293";"None";"";"";"";"CHEMBL4086";"Prostanoid EP4 receptor";"Rattus norvegicus";"SINGLE PROTEIN";"CHEMBL1146126";"1";"Scientific Literature";"Bioorg Med Chem Lett";"2006";"CHEMBL3307715";"";""
"CHEMBL425243";"";"None";"435.97";"0";"4.41";"12c";"O=C(O)c1ccc(CCCN2C(=O)CC[C@@H]2CCC(O)Cc2ccc(Cl)cc2)s1";"Activity";"'='";"90.0";"%";"";"";"";"UO_0000187";"";"";"";"";"0";"CHEMBL867831";"Activity at rat EP4 transfected in HEK293 cells by cAMP accumulation compared to PGE2";"F";"BAO_0000219";"cell-based format";"Rattus norvegicus";"None";"None";"HEK293";"None";"";"";"";"CHEMBL4086";"Prostanoid EP4 receptor";"Rattus norvegicus";"SINGLE PROTEIN";"CHEMBL1146126";"1";"Scientific Literature";"Bioorg Med Chem Lett";"2006";"CHEMBL3307715";"";""
"CHEMBL3686863";"";"None";"383.45";"0";"2.92";"4f";"Cc1ccc(N2CCC(O)CC2)nc1C(=O)Nc1c(C)cc(C(=O)O)cc1C";"IC50";"'='";"12.0";"nM";"7.92";"";"";"UO_0000065";"";"";"";"";"0";"CHEMBL3795734";"Antagonist activity against rat EP4 assessed as inhibition of PGE2-stimulated production of cAMP";"F";"BAO_0000357";"single protein format";"Rattus norvegicus";"None";"None";"None";"None";"";"";"";"CHEMBL4086";"Prostanoid EP4 receptor";"Rattus norvegicus";"SINGLE PROTEIN";"CHEMBL3792364";"1";"Scientific Literature";"Bioorg Med Chem Lett";"2016";"None";"";""
"CHEMBL381755";"";"None";"487.60";"1";"5.48";"22b";"O=C(O)c1ccc(CCCN2C(=O)CCC2CCC(O)Cc2cccc(Oc3ccccc3)c2)cc1";"IC50";"'='";"220.0";"nM";"6.66";"";"";"UO_0000065";"13.65";"0.25";"1.18";"7.65";"0";"CHEMBL869627";"Binding affinity to rat EP4 receptor expressed in HEK293 cells";"B";"BAO_0000219";"cell-based format";"Rattus norvegicus";"None";"None";"HEK293";"None";"";"";"";"CHEMBL4086";"Prostanoid EP4 receptor";"Rattus norvegicus";"SINGLE PROTEIN";"CHEMBL1146126";"1";"Scientific Literature";"Bioorg Med Chem Lett";"2006";"CHEMBL3307715";"";""
"CHEMBL1929543";"";"None";"413.54";"0";"3.42";"17";"O=C(O)CCCSCCN1C(=O)SC[C@@H]1/C=C/[C@@H](O)Cc1cccc(F)c1";"EC50";"'='";"5.7";"nM";"8.24";"";"";"UO_0000065";"";"";"";"";"0";"CHEMBL1932312";"Agonist activity at rat EP4 receptor expressed in CHO cells assessed as cAMP production after 10 mins by radioimmunoassay";"F";"BAO_0000219";"cell-based format";"Rattus norvegicus";"None";"None";"CHO";"None";"";"";"";"CHEMBL4086";"Prostanoid EP4 receptor";"Rattus norvegicus";"SINGLE PROTEIN";"CHEMBL1926627";"1";"Scientific Literature";"Bioorg Med Chem";"2012";"CHEMBL3308072";"";""
"CHEMBL1929548";"";"None";"443.53";"0";"4.99";"22";"O=C(O)CCCCCCN1C(=S)CC[C@@H]1/C=C/[C@@H](O)Cc1cccc(C(F)(F)F)c1";"EC50";"'='";"10.0";"nM";"8.00";"";"";"UO_0000065";"";"";"";"";"0";"CHEMBL1932312";"Agonist activity at rat EP4 receptor expressed in CHO cells assessed as cAMP production after 10 mins by radioimmunoassay";"F";"BAO_0000219";"cell-based format";"Rattus norvegicus";"None";"None";"CHO";"None";"";"";"";"CHEMBL4086";"Prostanoid EP4 receptor";"Rattus norvegicus";"SINGLE PROTEIN";"CHEMBL1926627";"1";"Scientific Literature";"Bioorg Med Chem";"2012";"CHEMBL3308072";"";""
"CHEMBL1929550";"";"None";"419.59";"0";"4.12";"24";"COCc1cccc(C[C@H](O)/C=C/[C@H]2CCC(=S)N2CCCCCCC(=O)O)c1";"EC50";"'='";"7.3";"nM";"8.14";"";"";"UO_0000065";"";"";"";"";"0";"CHEMBL1932312";"Agonist activity at rat EP4 receptor expressed in CHO cells assessed as cAMP production after 10 mins by radioimmunoassay";"F";"BAO_0000219";"cell-based format";"Rattus norvegicus";"None";"None";"CHO";"None";"";"";"";"CHEMBL4086";"Prostanoid EP4 receptor";"Rattus norvegicus";"SINGLE PROTEIN";"CHEMBL1926627";"1";"Scientific Literature";"Bioorg Med Chem";"2012";"CHEMBL3308072";"";""
"CHEMBL1957435";"";"None";"494.64";"0";"4.75";"16";"O=C(O)c1csc(SCCN2C(=O)CC[C@@H]2/C=C/[C@@H](O)Cc2cccc(-c3ccccc3)c2)n1";"EC50";"'='";"8.0";"nM";"8.10";"";"";"UO_0000065";"";"";"";"";"0";"CHEMBL1960894";"Agonist activity at rat EP4 receptor";"F";"BAO_0000019";"assay format";"Rattus norvegicus";"None";"None";"None";"None";"";"";"";"CHEMBL4086";"Prostanoid EP4 receptor";"Rattus norvegicus";"SINGLE PROTEIN";"CHEMBL1955856";"1";"Scientific Literature";"Bioorg Med Chem";"2012";"None";"";""
"CHEMBL204058";"";"None";"395.93";"0";"4.05";"13a";"O=C(O)CCCCCCN1C(=O)CCC1CCC(O)Cc1cccc(Cl)c1";"EC50";"'='";"8.8";"nM";"8.06";"";"";"UO_0000065";"";"";"";"";"0";"CHEMBL867830";"Activity at rat EP4 transfected in HEK293 cells by cAMP accumulation";"F";"BAO_0000219";"cell-based format";"Rattus norvegicus";"None";"None";"HEK293";"None";"";"";"";"CHEMBL4086";"Prostanoid EP4 receptor";"Rattus norvegicus";"SINGLE PROTEIN";"CHEMBL1146126";"1";"Scientific Literature";"Bioorg Med Chem Lett";"2006";"CHEMBL3307715";"";""
"CHEMBL378968";"";"None";"419.52";"0";"3.89";"11c";"O=C(O)c1ccc(CCCN2C(=O)CC[C@@H]2CCC(O)Cc2cccc(F)c2)s1";"Activity";"'='";"97.0";"%";"";"";"";"UO_0000187";"";"";"";"";"0";"CHEMBL867831";"Activity at rat EP4 transfected in HEK293 cells by cAMP accumulation compared to PGE2";"F";"BAO_0000219";"cell-based format";"Rattus norvegicus";"None";"None";"HEK293";"None";"";"";"";"CHEMBL4086";"Prostanoid EP4 receptor";"Rattus norvegicus";"SINGLE PROTEIN";"CHEMBL1146126";"1";"Scientific Literature";"Bioorg Med Chem Lett";"2006";"CHEMBL3307715";"";""
"CHEMBL549461";"";"None";"369.53";"0";"3.83";"3e";"CCCCc1ccc(CN(CCCCCCC(=O)O)S(C)(=O)=O)cc1";"IC50";"'>'";"3200.0";"nM";"";"";"";"UO_0000065";"";"";"";"";"0";"CHEMBL1027713";"Inhibition of rat EP4 receptor expressed in HEK293 cells";"B";"BAO_0000219";"cell-based format";"Rattus norvegicus";"None";"None";"HEK293";"None";"";"";"";"CHEMBL4086";"Prostanoid EP4 receptor";"Rattus norvegicus";"SINGLE PROTEIN";"CHEMBL1158403";"1";"Scientific Literature";"Bioorg Med Chem Lett";"2009";"CHEMBL3307715";"";""
"CHEMBL549869";"";"None";"405.52";"0";"3.41";"6h";"CC(C)(C)c1ccc(CN(Cc2cccc(OCC(=O)O)c2)S(C)(=O)=O)cc1";"IC50";"'>'";"3200.0";"nM";"";"";"";"UO_0000065";"";"";"";"";"0";"CHEMBL1027713";"Inhibition of rat EP4 receptor expressed in HEK293 cells";"B";"BAO_0000219";"cell-based format";"Rattus norvegicus";"None";"None";"HEK293";"None";"";"";"";"CHEMBL4086";"Prostanoid EP4 receptor";"Rattus norvegicus";"SINGLE PROTEIN";"CHEMBL1158403";"1";"Scientific Literature";"Bioorg Med Chem Lett";"2009";"CHEMBL3307715";"";""
"CHEMBL541517";"";"None";"472.63";"0";"4.85";"7e";"CC(C)(C)c1ccc(CN(Cc2cccc(CCC(=O)O)c2)S(=O)(=O)c2nccs2)cc1";"IC50";"'>'";"3200.0";"nM";"";"";"";"UO_0000065";"";"";"";"";"0";"CHEMBL1027713";"Inhibition of rat EP4 receptor expressed in HEK293 cells";"B";"BAO_0000219";"cell-based format";"Rattus norvegicus";"None";"None";"HEK293";"None";"";"";"";"CHEMBL4086";"Prostanoid EP4 receptor";"Rattus norvegicus";"SINGLE PROTEIN";"CHEMBL1158403";"1";"Scientific Literature";"Bioorg Med Chem Lett";"2009";"CHEMBL3307715";"";""
"CHEMBL1929528";"";"None";"420.57";"0";"3.88";"27";"COCc1cccc(C[C@H](O)/C=C/[C@H]2CCC(=O)[C@@H]2CCSCCCC(=O)O)c1";"EC50";"'='";"1.1";"nM";"8.96";"";"";"UO_0000065";"";"";"";"";"0";"CHEMBL1932312";"Agonist activity at rat EP4 receptor expressed in CHO cells assessed as cAMP production after 10 mins by radioimmunoassay";"F";"BAO_0000219";"cell-based format";"Rattus norvegicus";"None";"None";"CHO";"None";"";"";"";"CHEMBL4086";"Prostanoid EP4 receptor";"Rattus norvegicus";"SINGLE PROTEIN";"CHEMBL1926627";"1";"Scientific Literature";"Bioorg Med Chem";"2012";"CHEMBL3308072";"";""
"CHEMBL1929545";"";"None";"375.53";"0";"3.97";"19";"O=C(O)CCCCCCN1C(=S)CC[C@@H]1/C=C/[C@@H](O)Cc1ccccc1";"EC50";"'='";"29.0";"nM";"7.54";"";"";"UO_0000065";"";"";"";"";"0";"CHEMBL1932312";"Agonist activity at rat EP4 receptor expressed in CHO cells assessed as cAMP production after 10 mins by radioimmunoassay";"F";"BAO_0000219";"cell-based format";"Rattus norvegicus";"None";"None";"CHO";"None";"";"";"";"CHEMBL4086";"Prostanoid EP4 receptor";"Rattus norvegicus";"SINGLE PROTEIN";"CHEMBL1926627";"1";"Scientific Literature";"Bioorg Med Chem";"2012";"CHEMBL3308072";"";""
"CHEMBL208510";"";"None";"445.48";"0";"4.29";"21a";"O=C(O)CCCCCCN1C(=O)CC[C@@H]1CC[C@@H](O)Cc1cccc(OC(F)(F)F)c1";"IC50";"'='";"59.0";"nM";"7.23";"";"";"UO_0000065";"16.23";"0.32";"2.94";"8.30";"0";"CHEMBL869627";"Binding affinity to rat EP4 receptor expressed in HEK293 cells";"B";"BAO_0000219";"cell-based format";"Rattus norvegicus";"None";"None";"HEK293";"None";"";"";"";"CHEMBL4086";"Prostanoid EP4 receptor";"Rattus norvegicus";"SINGLE PROTEIN";"CHEMBL1146126";"1";"Scientific Literature";"Bioorg Med Chem Lett";"2006";"CHEMBL3307715";"";""
"CHEMBL382197";"";"None";"477.63";"1";"5.42";"15c";"O=C(O)c1ccc(CCCN2C(=O)CC[C@@H]2CCC(O)Cc2cccc(-c3ccccc3)c2)s1";"EC50";"'='";"203.0";"nM";"6.69";"";"";"UO_0000065";"";"";"";"";"0";"CHEMBL867830";"Activity at rat EP4 transfected in HEK293 cells by cAMP accumulation";"F";"BAO_0000219";"cell-based format";"Rattus norvegicus";"None";"None";"HEK293";"None";"";"";"";"CHEMBL4086";"Prostanoid EP4 receptor";"Rattus norvegicus";"SINGLE PROTEIN";"CHEMBL1146126";"1";"Scientific Literature";"Bioorg Med Chem Lett";"2006";"CHEMBL3307715";"";""
"CHEMBL380839";"";"None";"463.50";"0";"4.71";"16b";"O=C(O)c1ccc(CCCN2C(=O)CC[C@@H]2CC[C@@H](O)Cc2cccc(C(F)(F)F)c2)cc1";"Activity";"'='";"105.0";"%";"";"";"";"UO_0000187";"";"";"";"";"0";"CHEMBL867831";"Activity at rat EP4 transfected in HEK293 cells by cAMP accumulation compared to PGE2";"F";"BAO_0000219";"cell-based format";"Rattus norvegicus";"None";"None";"HEK293";"None";"";"";"";"CHEMBL4086";"Prostanoid EP4 receptor";"Rattus norvegicus";"SINGLE PROTEIN";"CHEMBL1146126";"1";"Scientific Literature";"Bioorg Med Chem Lett";"2006";"CHEMBL3307715";"";""
"CHEMBL46395";"";"None";"429.48";"0";"4.42";"16a";"O=C(O)CCCCCCN1C(=O)CC[C@@H]1CC[C@@H](O)Cc1cccc(C(F)(F)F)c1";"Activity";"'='";"75.0";"%";"";"";"";"UO_0000187";"";"";"";"";"0";"CHEMBL867831";"Activity at rat EP4 transfected in HEK293 cells by cAMP accumulation compared to PGE2";"F";"BAO_0000219";"cell-based format";"Rattus norvegicus";"None";"None";"HEK293";"None";"";"";"";"CHEMBL4086";"Prostanoid EP4 receptor";"Rattus norvegicus";"SINGLE PROTEIN";"CHEMBL1146126";"1";"Scientific Literature";"Bioorg Med Chem Lett";"2006";"CHEMBL3307715";"";""
"CHEMBL208410";"";"None";"451.59";"0";"4.91";"9c";"O=C(O)c1ccc(CCCN2C(=O)CC[C@@H]2CCC(O)Cc2ccc3ccccc3c2)s1";"Activity";"'='";"73.0";"%";"";"";"";"UO_0000187";"";"";"";"";"0";"CHEMBL867831";"Activity at rat EP4 transfected in HEK293 cells by cAMP accumulation compared to PGE2";"F";"BAO_0000219";"cell-based format";"Rattus norvegicus";"None";"None";"HEK293";"None";"";"";"";"CHEMBL4086";"Prostanoid EP4 receptor";"Rattus norvegicus";"SINGLE PROTEIN";"CHEMBL1146126";"1";"Scientific Literature";"Bioorg Med Chem Lett";"2006";"CHEMBL3307715";"";""
"CHEMBL1929532";"";"None";"421.56";"0";"3.52";"6";"CCCc1cccc(C[C@H](O)/C=C/[C@H]2COC(=O)N2CCSCCCC(=O)O)c1";"EC50";"'='";"93.0";"nM";"7.03";"";"";"UO_0000065";"";"";"";"";"0";"CHEMBL1932312";"Agonist activity at rat EP4 receptor expressed in CHO cells assessed as cAMP production after 10 mins by radioimmunoassay";"F";"BAO_0000219";"cell-based format";"Rattus norvegicus";"None";"None";"CHO";"None";"";"";"";"CHEMBL4086";"Prostanoid EP4 receptor";"Rattus norvegicus";"SINGLE PROTEIN";"CHEMBL1926627";"1";"Scientific Literature";"Bioorg Med Chem";"2012";"CHEMBL3308072";"";""
"CHEMBL1929541";"";"None";"437.63";"0";"4.23";"15";"CCCc1cccc(C[C@H](O)/C=C/[C@H]2CSC(=O)N2CCSCCCC(=O)O)c1";"EC50";"'='";"6.1";"nM";"8.21";"";"";"UO_0000065";"";"";"";"";"0";"CHEMBL1932312";"Agonist activity at rat EP4 receptor expressed in CHO cells assessed as cAMP production after 10 mins by radioimmunoassay";"F";"BAO_0000219";"cell-based format";"Rattus norvegicus";"None";"None";"CHO";"None";"";"";"";"CHEMBL4086";"Prostanoid EP4 receptor";"Rattus norvegicus";"SINGLE PROTEIN";"CHEMBL1926627";"1";"Scientific Literature";"Bioorg Med Chem";"2012";"CHEMBL3308072";"";""
"CHEMBL292964";"";"None";"436.57";"0";"2.85";"26";"COCc1cccc(C[C@H](O)/C=C/[C@H]2[C@H](O)CC(=O)[C@@H]2CCSCCCC(=O)O)c1";"EC50";"'='";"1.4";"nM";"8.85";"";"";"UO_0000065";"";"";"";"";"0";"CHEMBL1932312";"Agonist activity at rat EP4 receptor expressed in CHO cells assessed as cAMP production after 10 mins by radioimmunoassay";"F";"BAO_0000219";"cell-based format";"Rattus norvegicus";"None";"None";"CHO";"None";"";"";"";"CHEMBL4086";"Prostanoid EP4 receptor";"Rattus norvegicus";"SINGLE PROTEIN";"CHEMBL1926627";"1";"Scientific Literature";"Bioorg Med Chem";"2012";"CHEMBL3308072";"";""
"CHEMBL1929534";"";"None";"397.47";"0";"2.70";"8";"O=C(O)CCCSCCN1C(=O)OC[C@@H]1/C=C/[C@@H](O)Cc1cccc(F)c1";"EC50";"'='";"35.0";"nM";"7.46";"";"";"UO_0000065";"";"";"";"";"0";"CHEMBL1932312";"Agonist activity at rat EP4 receptor expressed in CHO cells assessed as cAMP production after 10 mins by radioimmunoassay";"F";"BAO_0000219";"cell-based format";"Rattus norvegicus";"None";"None";"CHO";"None";"";"";"";"CHEMBL4086";"Prostanoid EP4 receptor";"Rattus norvegicus";"SINGLE PROTEIN";"CHEMBL1926627";"1";"Scientific Literature";"Bioorg Med Chem";"2012";"CHEMBL3308072";"";""
"CHEMBL1929539";"";"None";"395.55";"0";"3.28";"13";"O=C(O)CCCSCCN1C(=O)SC[C@@H]1/C=C/[C@@H](O)Cc1ccccc1";"EC50";"'='";"4.8";"nM";"8.32";"";"";"UO_0000065";"";"";"";"";"0";"CHEMBL1932312";"Agonist activity at rat EP4 receptor expressed in CHO cells assessed as cAMP production after 10 mins by radioimmunoassay";"F";"BAO_0000219";"cell-based format";"Rattus norvegicus";"None";"None";"CHO";"None";"";"";"";"CHEMBL4086";"Prostanoid EP4 receptor";"Rattus norvegicus";"SINGLE PROTEIN";"CHEMBL1926627";"1";"Scientific Literature";"Bioorg Med Chem";"2012";"CHEMBL3308072";"";""
"CHEMBL1929540";"";"None";"423.60";"0";"3.84";"14";"CCc1cccc(C[C@H](O)/C=C/[C@H]2CSC(=O)N2CCSCCCC(=O)O)c1";"EC50";"'='";"1.9";"nM";"8.72";"";"";"UO_0000065";"";"";"";"";"0";"CHEMBL1932312";"Agonist activity at rat EP4 receptor expressed in CHO cells assessed as cAMP production after 10 mins by radioimmunoassay";"F";"BAO_0000219";"cell-based format";"Rattus norvegicus";"None";"None";"CHO";"None";"";"";"";"CHEMBL4086";"Prostanoid EP4 receptor";"Rattus norvegicus";"SINGLE PROTEIN";"CHEMBL1926627";"1";"Scientific Literature";"Bioorg Med Chem";"2012";"CHEMBL3308072";"";""
"CHEMBL379746";"";"None";"435.97";"0";"4.41";"13c";"O=C(O)c1ccc(CCCN2C(=O)CC[C@@H]2CC[C@@H](O)Cc2cccc(Cl)c2)s1";"EC50";"'='";"0.6";"nM";"9.22";"";"";"UO_0000065";"";"";"";"";"0";"CHEMBL867830";"Activity at rat EP4 transfected in HEK293 cells by cAMP accumulation";"F";"BAO_0000219";"cell-based format";"Rattus norvegicus";"None";"None";"HEK293";"None";"";"";"";"CHEMBL4086";"Prostanoid EP4 receptor";"Rattus norvegicus";"SINGLE PROTEIN";"CHEMBL1146126";"1";"Scientific Literature";"Bioorg Med Chem Lett";"2006";"CHEMBL3307715";"";""
"CHEMBL223151";"";"None";"357.52";"0";"3.07";"5";"CCCCC[C@H](O)/C=C/[C@H]1CCC(=O)N1CCSCCCC(=O)O";"EC50";"'='";"2.0";"nM";"8.70";"";"";"UO_0000065";"";"";"";"";"0";"CHEMBL1960894";"Agonist activity at rat EP4 receptor";"F";"BAO_0000019";"assay format";"Rattus norvegicus";"None";"None";"None";"None";"";"";"";"CHEMBL4086";"Prostanoid EP4 receptor";"Rattus norvegicus";"SINGLE PROTEIN";"CHEMBL1955856";"1";"Scientific Literature";"Bioorg Med Chem";"2012";"None";"";""
"CHEMBL222715";"";"None";"359.47";"0";"3.42";"2";"CCCCC[C@H](O)/C=C/[C@H]1CCC(=O)N1CCc1ccc(C(=O)O)cc1";"EC50";"'='";"3.1";"nM";"8.51";"";"";"UO_0000065";"";"";"";"";"0";"CHEMBL1960894";"Agonist activity at rat EP4 receptor";"F";"BAO_0000019";"assay format";"Rattus norvegicus";"None";"None";"None";"None";"";"";"";"CHEMBL4086";"Prostanoid EP4 receptor";"Rattus norvegicus";"SINGLE PROTEIN";"CHEMBL1955856";"1";"Scientific Literature";"Bioorg Med Chem";"2012";"None";"";""
"CHEMBL4099851";"";"None";"414.82";"0";"4.86";"4j; AAT-008";"C[C@H](NC(=O)c1cc(Cl)cnc1Oc1cccc(F)c1)c1ccc(C(=O)O)cc1";"Kd";"'='";"4.571";"nM";"8.34";"";"";"UO_0000065";"";"";"";"";"0";"CHEMBL3997103";"Antagonist activity at rat recombinant EP4 receptor assessed as inhibition of PGE2-induced cAMP level by cell based assay";"F";"BAO_0000219";"cell-based format";"Rattus norvegicus";"None";"None";"None";"None";"";"";"";"CHEMBL4086";"Prostanoid EP4 receptor";"Rattus norvegicus";"SINGLE PROTEIN";"CHEMBL3994644";"1";"Scientific Literature";"Bioorg Med Chem Lett";"2017";"None";"";""
"CHEMBL597997";"";"None";"473.52";"1";"6.09";"34d, MK-2894";"Cc1sc(C)c(C(=O)NC2(c3ccc(C(=O)O)cc3)CC2)c1Cc1ccc(C(F)(F)F)cc1";"Ki";"'='";"0.7";"nM";"9.15";"";"";"UO_0000065";"19.33";"0.38";"3.06";"13.79";"0";"CHEMBL1074439";"Displacement of [3H]PGE2 from rat EP4 receptor expressed in HEK293-EBNA cells by scintillation counting";"B";"BAO_0000219";"cell-based format";"Rattus norvegicus";"None";"None";"HEK293-EBNA";"None";"";"";"";"CHEMBL4086";"Prostanoid EP4 receptor";"Rattus norvegicus";"SINGLE PROTEIN";"CHEMBL1157608";"1";"Scientific Literature";"J Med Chem";"2010";"CHEMBL3833702";"";""
"CHEMBL192729";"";"None";"523.59";"1";"4.00";"11";"O=C(O)CCCCCNC(=O)[C@H](CCCNC(=O)OCc1ccccc1)NC(=O)c1cc2ccccc2o1";"Ki";"'='";"5.1";"nM";"8.29";"";"";"UO_0000065";"15.84";"0.30";"4.29";"5.64";"0";"CHEMBL826328";"Inhibition of rat prostanoid EP4 receptor";"B";"BAO_0000357";"single protein format";"Rattus norvegicus";"None";"None";"None";"None";"";"";"";"CHEMBL4086";"Prostanoid EP4 receptor";"Rattus norvegicus";"SINGLE PROTEIN";"CHEMBL1143620";"1";"Scientific Literature";"J Med Chem";"2005";"None";"";""
"CHEMBL2036309";"";"None";"454.59";"0";"3.80";"3d";"O=C(O)CCCSCCN1C(=O)CC[C@@H]1/C=C/[C@@H](O)Cc1cccc(-c2ccccn2)c1";"EC50";"'='";"86.0";"nM";"7.07";"";"";"UO_0000065";"";"";"";"";"0";"CHEMBL2038102";"Agonist activity at rat EP4 receptor expressed in CHO cells assessed as cAMP production after 10 mins by radioimmunoassay";"F";"BAO_0000219";"cell-based format";"Rattus norvegicus";"None";"None";"CHO";"None";"";"";"";"CHEMBL4086";"Prostanoid EP4 receptor";"Rattus norvegicus";"SINGLE PROTEIN";"CHEMBL2034814";"1";"Scientific Literature";"Bioorg Med Chem";"2012";"CHEMBL3308072";"";""
"CHEMBL2036320";"";"None";"522.69";"2";"5.37";"4f";"Cc1ccc(-c2cccc(C[C@H](O)/C=C/[C@H]3CCC(=O)N3CCSc3nc(C(=O)O)cs3)c2)c(C)c1";"EC50";"'='";"160.0";"nM";"6.80";"";"";"UO_0000065";"";"";"";"";"0";"CHEMBL2038102";"Agonist activity at rat EP4 receptor expressed in CHO cells assessed as cAMP production after 10 mins by radioimmunoassay";"F";"BAO_0000219";"cell-based format";"Rattus norvegicus";"None";"None";"CHO";"None";"";"";"";"CHEMBL4086";"Prostanoid EP4 receptor";"Rattus norvegicus";"SINGLE PROTEIN";"CHEMBL2034814";"1";"Scientific Literature";"Bioorg Med Chem";"2012";"CHEMBL3308072";"";""
"CHEMBL2036321";"";"None";"522.69";"2";"5.37";"4g";"Cc1ccc(-c2cccc(C[C@H](O)/C=C/[C@H]3CCC(=O)N3CCSc3nc(C(=O)O)cs3)c2)cc1C";"EC50";"'='";"21.0";"nM";"7.68";"";"";"UO_0000065";"";"";"";"";"0";"CHEMBL2038102";"Agonist activity at rat EP4 receptor expressed in CHO cells assessed as cAMP production after 10 mins by radioimmunoassay";"F";"BAO_0000219";"cell-based format";"Rattus norvegicus";"None";"None";"CHO";"None";"";"";"";"CHEMBL4086";"Prostanoid EP4 receptor";"Rattus norvegicus";"SINGLE PROTEIN";"CHEMBL2034814";"1";"Scientific Literature";"Bioorg Med Chem";"2012";"CHEMBL3308072";"";""
"CHEMBL2036326";"";"None";"549.67";"2";"5.20";"4m";"Cc1ccc2oc(-c3cccc(C[C@H](O)/C=C/[C@H]4CCC(=O)N4CCSc4nc(C(=O)O)cs4)c3)nc2c1";"EC50";"'='";"8.8";"nM";"8.06";"";"";"UO_0000065";"";"";"";"";"0";"CHEMBL2038102";"Agonist activity at rat EP4 receptor expressed in CHO cells assessed as cAMP production after 10 mins by radioimmunoassay";"F";"BAO_0000219";"cell-based format";"Rattus norvegicus";"None";"None";"CHO";"None";"";"";"";"CHEMBL4086";"Prostanoid EP4 receptor";"Rattus norvegicus";"SINGLE PROTEIN";"CHEMBL2034814";"1";"Scientific Literature";"Bioorg Med Chem";"2012";"CHEMBL3308072";"";""
"CHEMBL2036314";"";"None";"493.63";"1";"5.15";"3i";"O=C(O)CCCSCCN1C(=O)CC[C@@H]1/C=C/[C@@H](O)Cc1cccc(-c2cc3ccccc3o2)c1";"EC50";"'='";"7.0";"nM";"8.15";"";"";"UO_0000065";"";"";"";"";"0";"CHEMBL2038102";"Agonist activity at rat EP4 receptor expressed in CHO cells assessed as cAMP production after 10 mins by radioimmunoassay";"F";"BAO_0000219";"cell-based format";"Rattus norvegicus";"None";"None";"CHO";"None";"";"";"";"CHEMBL4086";"Prostanoid EP4 receptor";"Rattus norvegicus";"SINGLE PROTEIN";"CHEMBL2034814";"1";"Scientific Literature";"Bioorg Med Chem";"2012";"CHEMBL3308072";"";""
"CHEMBL548";"DINOPROSTONE";"4.0";"352.47";"0";"3.25";"1";"CCCCC[C@H](O)/C=C/[C@H]1[C@H](O)CC(=O)[C@@H]1C/C=C\CCCC(=O)O";"EC50";"'='";"3.5";"nM";"8.46";"";"";"UO_0000065";"";"";"";"";"0";"CHEMBL1960894";"Agonist activity at rat EP4 receptor";"F";"BAO_0000019";"assay format";"Rattus norvegicus";"None";"None";"None";"None";"";"";"";"CHEMBL4086";"Prostanoid EP4 receptor";"Rattus norvegicus";"SINGLE PROTEIN";"CHEMBL1955856";"1";"Scientific Literature";"Bioorg Med Chem";"2012";"None";"";""
"CHEMBL1957436";"";"None";"529.08";"2";"5.40";"17";"O=C(O)c1csc(SCCN2C(=O)CC[C@@H]2/C=C/[C@@H](O)Cc2cccc(-c3ccc(Cl)cc3)c2)n1";"EC50";"'='";"27.0";"nM";"7.57";"";"";"UO_0000065";"";"";"";"";"0";"CHEMBL1960894";"Agonist activity at rat EP4 receptor";"F";"BAO_0000019";"assay format";"Rattus norvegicus";"None";"None";"None";"None";"";"";"";"CHEMBL4086";"Prostanoid EP4 receptor";"Rattus norvegicus";"SINGLE PROTEIN";"CHEMBL1955856";"1";"Scientific Literature";"Bioorg Med Chem";"2012";"None";"";""
"CHEMBL378376";"";"None";"469.52";"0";"4.77";"50, CP432";"O=C(O)c1ccc(CCCN2C(=O)CC[C@@H]2CC[C@@H](O)Cc2cccc(C(F)(F)F)c2)s1";"Activity";"'='";"102.0";"%";"";"";"";"UO_0000187";"";"";"";"";"0";"CHEMBL1117753";"Agonist activity at rat EP4 receptor expressed in HEK293 cells assessed as cAMP activation relative to PGE2";"F";"BAO_0000219";"cell-based format";"Rattus norvegicus";"None";"None";"HEK293";"None";"";"";"";"CHEMBL4086";"Prostanoid EP4 receptor";"Rattus norvegicus";"SINGLE PROTEIN";"CHEMBL1155461";"1";"Scientific Literature";"J Med Chem";"2010";"CHEMBL3307715";"";""
"CHEMBL378376";"";"None";"469.52";"0";"4.77";"50, CP432";"O=C(O)c1ccc(CCCN2C(=O)CC[C@@H]2CC[C@@H](O)Cc2cccc(C(F)(F)F)c2)s1";"EC50";"'='";"0.5";"nM";"9.30";"";"";"UO_0000065";"";"";"";"";"0";"CHEMBL1119848";"Agonist activity at rat EP4 receptor expressed in HEK293 cells assessed as cAMP activation";"F";"BAO_0000219";"cell-based format";"Rattus norvegicus";"None";"None";"HEK293";"None";"";"";"";"CHEMBL4086";"Prostanoid EP4 receptor";"Rattus norvegicus";"SINGLE PROTEIN";"CHEMBL1155461";"1";"Scientific Literature";"J Med Chem";"2010";"CHEMBL3307715";"";""
"CHEMBL550619";"";"None";"403.54";"0";"3.66";"6c";"CCCCc1ccc(CN(CCc2ccc(CC(=O)O)cc2)S(C)(=O)=O)cc1";"IC50";"'>'";"3200.0";"nM";"";"";"";"UO_0000065";"";"";"";"";"0";"CHEMBL1027713";"Inhibition of rat EP4 receptor expressed in HEK293 cells";"B";"BAO_0000219";"cell-based format";"Rattus norvegicus";"None";"None";"HEK293";"None";"";"";"";"CHEMBL4086";"Prostanoid EP4 receptor";"Rattus norvegicus";"SINGLE PROTEIN";"CHEMBL1158403";"1";"Scientific Literature";"Bioorg Med Chem Lett";"2009";"CHEMBL3307715";"";""
"CHEMBL559820";"";"None";"403.54";"0";"4.40";"6f";"CCCCc1ccc(CN(c2ccc(CCCC(=O)O)cc2)S(C)(=O)=O)cc1";"IC50";"'>'";"3200.0";"nM";"";"";"";"UO_0000065";"";"";"";"";"0";"CHEMBL1027713";"Inhibition of rat EP4 receptor expressed in HEK293 cells";"B";"BAO_0000219";"cell-based format";"Rattus norvegicus";"None";"None";"HEK293";"None";"";"";"";"CHEMBL4086";"Prostanoid EP4 receptor";"Rattus norvegicus";"SINGLE PROTEIN";"CHEMBL1158403";"1";"Scientific Literature";"Bioorg Med Chem Lett";"2009";"CHEMBL3307715";"";""
"CHEMBL559065";"";"None";"465.62";"1";"5.39";"7a";"CC(C)(C)c1ccc(CN(Cc2cccc(CCC(=O)O)c2)S(=O)(=O)c2ccccc2)cc1";"IC50";"'>'";"3200.0";"nM";"";"";"";"UO_0000065";"";"";"";"";"0";"CHEMBL1027713";"Inhibition of rat EP4 receptor expressed in HEK293 cells";"B";"BAO_0000219";"cell-based format";"Rattus norvegicus";"None";"None";"HEK293";"None";"";"";"";"CHEMBL4086";"Prostanoid EP4 receptor";"Rattus norvegicus";"SINGLE PROTEIN";"CHEMBL1158403";"1";"Scientific Literature";"Bioorg Med Chem Lett";"2009";"CHEMBL3307715";"";""
"CHEMBL562411";"";"None";"413.58";"0";"4.10";"3a";"CCCCCC(O)c1ccc(CN(CCCCCCC(=O)O)S(C)(=O)=O)cc1";"IC50";"'>'";"3200.0";"nM";"";"";"";"UO_0000065";"";"";"";"";"0";"CHEMBL1027713";"Inhibition of rat EP4 receptor expressed in HEK293 cells";"B";"BAO_0000219";"cell-based format";"Rattus norvegicus";"None";"None";"HEK293";"None";"";"";"";"CHEMBL4086";"Prostanoid EP4 receptor";"Rattus norvegicus";"SINGLE PROTEIN";"CHEMBL1158403";"1";"Scientific Literature";"Bioorg Med Chem Lett";"2009";"CHEMBL3307715";"";""
"CHEMBL553468";"";"None";"369.53";"0";"3.78";"3g";"CC(C)(C)c1ccc(CN(CCCCCCC(=O)O)S(C)(=O)=O)cc1";"IC50";"'='";"2467.0";"nM";"5.61";"";"";"UO_0000065";"15.18";"0.31";"1.83";"7.51";"0";"CHEMBL1027713";"Inhibition of rat EP4 receptor expressed in HEK293 cells";"B";"BAO_0000219";"cell-based format";"Rattus norvegicus";"None";"None";"HEK293";"None";"";"";"";"CHEMBL4086";"Prostanoid EP4 receptor";"Rattus norvegicus";"SINGLE PROTEIN";"CHEMBL1158403";"1";"Scientific Literature";"Bioorg Med Chem Lett";"2009";"CHEMBL3307715";"";""
"CHEMBL549663";"";"None";"405.52";"0";"3.45";"6d";"CCCCc1ccc(CN(Cc2ccccc2OCC(=O)O)S(C)(=O)=O)cc1";"IC50";"'>'";"3200.0";"nM";"";"";"";"UO_0000065";"";"";"";"";"0";"CHEMBL1027713";"Inhibition of rat EP4 receptor expressed in HEK293 cells";"B";"BAO_0000219";"cell-based format";"Rattus norvegicus";"None";"None";"HEK293";"None";"";"";"";"CHEMBL4086";"Prostanoid EP4 receptor";"Rattus norvegicus";"SINGLE PROTEIN";"CHEMBL1158403";"1";"Scientific Literature";"Bioorg Med Chem Lett";"2009";"CHEMBL3307715";"";""
"CHEMBL379785";"";"None";"477.63";"1";"5.42";"14c";"O=C(O)c1ccc(CCCN2C(=O)CC[C@@H]2CCC(O)Cc2ccccc2-c2ccccc2)s1";"IC50";"'='";"1600.0";"nM";"5.80";"";"";"UO_0000065";"12.13";"0.23";"0.38";"7.45";"0";"CHEMBL869627";"Binding affinity to rat EP4 receptor expressed in HEK293 cells";"B";"BAO_0000219";"cell-based format";"Rattus norvegicus";"None";"None";"HEK293";"None";"";"";"";"CHEMBL4086";"Prostanoid EP4 receptor";"Rattus norvegicus";"SINGLE PROTEIN";"CHEMBL1146126";"1";"Scientific Literature";"Bioorg Med Chem Lett";"2006";"CHEMBL3307715";"";""
"CHEMBL378968";"";"None";"419.52";"0";"3.89";"11c";"O=C(O)c1ccc(CCCN2C(=O)CC[C@@H]2CCC(O)Cc2cccc(F)c2)s1";"IC50";"'='";"17.0";"nM";"7.77";"";"";"UO_0000065";"18.52";"0.37";"3.88";"9.98";"0";"CHEMBL869627";"Binding affinity to rat EP4 receptor expressed in HEK293 cells";"B";"BAO_0000219";"cell-based format";"Rattus norvegicus";"None";"None";"HEK293";"None";"";"";"";"CHEMBL4086";"Prostanoid EP4 receptor";"Rattus norvegicus";"SINGLE PROTEIN";"CHEMBL1146126";"1";"Scientific Literature";"Bioorg Med Chem Lett";"2006";"CHEMBL3307715";"";""
"CHEMBL425409";"";"None";"386.49";"0";"3.27";"17a";"N#Cc1cccc(C[C@H](O)CC[C@H]2CCC(=O)N2CCCCCCC(=O)O)c1";"EC50";"'='";"96.0";"nM";"7.02";"";"";"UO_0000065";"";"";"";"";"0";"CHEMBL867830";"Activity at rat EP4 transfected in HEK293 cells by cAMP accumulation";"F";"BAO_0000219";"cell-based format";"Rattus norvegicus";"None";"None";"HEK293";"None";"";"";"";"CHEMBL4086";"Prostanoid EP4 receptor";"Rattus norvegicus";"SINGLE PROTEIN";"CHEMBL1146126";"1";"Scientific Literature";"Bioorg Med Chem Lett";"2006";"CHEMBL3307715";"";""
"CHEMBL425243";"";"None";"435.97";"0";"4.41";"12c";"O=C(O)c1ccc(CCCN2C(=O)CC[C@@H]2CCC(O)Cc2ccc(Cl)cc2)s1";"EC50";"'='";"40.0";"nM";"7.40";"";"";"UO_0000065";"";"";"";"";"0";"CHEMBL867830";"Activity at rat EP4 transfected in HEK293 cells by cAMP accumulation";"F";"BAO_0000219";"cell-based format";"Rattus norvegicus";"None";"None";"HEK293";"None";"";"";"";"CHEMBL4086";"Prostanoid EP4 receptor";"Rattus norvegicus";"SINGLE PROTEIN";"CHEMBL1146126";"1";"Scientific Literature";"Bioorg Med Chem Lett";"2006";"CHEMBL3307715";"";""
"CHEMBL207237";"";"None";"419.52";"0";"3.89";"10c";"O=C(O)c1ccc(CCCN2C(=O)CC[C@@H]2CC[C@@H](O)Cc2ccc(F)cc2)s1";"EC50";"'='";"22.0";"nM";"7.66";"";"";"UO_0000065";"";"";"";"";"0";"CHEMBL867830";"Activity at rat EP4 transfected in HEK293 cells by cAMP accumulation";"F";"BAO_0000219";"cell-based format";"Rattus norvegicus";"None";"None";"HEK293";"None";"";"";"";"CHEMBL4086";"Prostanoid EP4 receptor";"Rattus norvegicus";"SINGLE PROTEIN";"CHEMBL1146126";"1";"Scientific Literature";"Bioorg Med Chem Lett";"2006";"CHEMBL3307715";"";""
"CHEMBL208411";"";"None";"471.60";"1";"5.36";"15b";"O=C(O)c1ccc(CCCN2C(=O)CCC2CCC(O)Cc2cccc(-c3ccccc3)c2)cc1";"Activity";"'='";"97.0";"%";"";"";"";"UO_0000187";"";"";"";"";"0";"CHEMBL867831";"Activity at rat EP4 transfected in HEK293 cells by cAMP accumulation compared to PGE2";"F";"BAO_0000219";"cell-based format";"Rattus norvegicus";"None";"None";"HEK293";"None";"";"";"";"CHEMBL4086";"Prostanoid EP4 receptor";"Rattus norvegicus";"SINGLE PROTEIN";"CHEMBL1146126";"1";"Scientific Literature";"Bioorg Med Chem Lett";"2006";"CHEMBL3307715";"";""
"CHEMBL382029";"";"None";"401.53";"0";"3.75";"2c";"O=C(O)c1ccc(CCCN2C(=O)CC[C@@H]2CCC(O)Cc2ccccc2)s1";"Activity";"'='";"88.0";"%";"";"";"";"UO_0000187";"";"";"";"";"0";"CHEMBL867831";"Activity at rat EP4 transfected in HEK293 cells by cAMP accumulation compared to PGE2";"F";"BAO_0000219";"cell-based format";"Rattus norvegicus";"None";"None";"HEK293";"None";"";"";"";"CHEMBL4086";"Prostanoid EP4 receptor";"Rattus norvegicus";"SINGLE PROTEIN";"CHEMBL1146126";"1";"Scientific Literature";"Bioorg Med Chem Lett";"2006";"CHEMBL3307715";"";""
"CHEMBL550015";"";"None";"351.51";"0";"2.47";"3b";"CC(C)CC(O)CCCN(CCCCCCC(=O)O)S(C)(=O)=O";"IC50";"'>'";"3200.0";"nM";"";"";"";"UO_0000065";"";"";"";"";"0";"CHEMBL1027713";"Inhibition of rat EP4 receptor expressed in HEK293 cells";"B";"BAO_0000219";"cell-based format";"Rattus norvegicus";"None";"None";"HEK293";"None";"";"";"";"CHEMBL4086";"Prostanoid EP4 receptor";"Rattus norvegicus";"SINGLE PROTEIN";"CHEMBL1158403";"1";"Scientific Literature";"Bioorg Med Chem Lett";"2009";"CHEMBL3307715";"";""
"CHEMBL559955";"";"None";"389.52";"0";"4.01";"6g";"CCCCc1ccc(CN(c2cccc(CCC(=O)O)c2)S(C)(=O)=O)cc1";"IC50";"'>'";"3200.0";"nM";"";"";"";"UO_0000065";"";"";"";"";"0";"CHEMBL1027713";"Inhibition of rat EP4 receptor expressed in HEK293 cells";"B";"BAO_0000219";"cell-based format";"Rattus norvegicus";"None";"None";"HEK293";"None";"";"";"";"CHEMBL4086";"Prostanoid EP4 receptor";"Rattus norvegicus";"SINGLE PROTEIN";"CHEMBL1158403";"1";"Scientific Literature";"Bioorg Med Chem Lett";"2009";"CHEMBL3307715";"";""
"CHEMBL549530";"";"None";"500.06";"2";"6.05";"7d";"CC(C)(C)c1ccc(CN(Cc2cccc(CCC(=O)O)c2)S(=O)(=O)c2ccc(Cl)cc2)cc1";"IC50";"'>'";"3200.0";"nM";"";"";"";"UO_0000065";"";"";"";"";"0";"CHEMBL1027713";"Inhibition of rat EP4 receptor expressed in HEK293 cells";"B";"BAO_0000219";"cell-based format";"Rattus norvegicus";"None";"None";"HEK293";"None";"";"";"";"CHEMBL4086";"Prostanoid EP4 receptor";"Rattus norvegicus";"SINGLE PROTEIN";"CHEMBL1158403";"1";"Scientific Literature";"Bioorg Med Chem Lett";"2009";"CHEMBL3307715";"";""
"CHEMBL548";"DINOPROSTONE";"4.0";"352.47";"0";"3.25";"1";"CCCCC[C@H](O)/C=C/[C@H]1[C@H](O)CC(=O)[C@@H]1C/C=C\CCCC(=O)O";"EC50";"'='";"0.7";"nM";"9.15";"";"";"UO_0000065";"";"";"";"";"0";"CHEMBL1027727";"Agonist activity against rat EP4 receptor expressed in HEK293 cells assessed as stimulation of cAMP release";"F";"BAO_0000219";"cell-based format";"Rattus norvegicus";"None";"None";"HEK293";"None";"";"";"";"CHEMBL4086";"Prostanoid EP4 receptor";"Rattus norvegicus";"SINGLE PROTEIN";"CHEMBL1158403";"1";"Scientific Literature";"Bioorg Med Chem Lett";"2009";"CHEMBL3307715";"";""
"CHEMBL205819";"";"None";"405.54";"0";"3.54";"19a";"COCc1cccc(C[C@H](O)CC[C@H]2CCC(=O)N2CCCCCCC(=O)O)c1";"IC50";"'='";"62.0";"nM";"7.21";"";"";"UO_0000065";"17.77";"0.34";"3.67";"8.28";"0";"CHEMBL869627";"Binding affinity to rat EP4 receptor expressed in HEK293 cells";"B";"BAO_0000219";"cell-based format";"Rattus norvegicus";"None";"None";"HEK293";"None";"";"";"";"CHEMBL4086";"Prostanoid EP4 receptor";"Rattus norvegicus";"SINGLE PROTEIN";"CHEMBL1146126";"1";"Scientific Literature";"Bioorg Med Chem Lett";"2006";"CHEMBL3307715";"";""
"CHEMBL207237";"";"None";"419.52";"0";"3.89";"10c";"O=C(O)c1ccc(CCCN2C(=O)CC[C@@H]2CC[C@@H](O)Cc2ccc(F)cc2)s1";"IC50";"'='";"70.0";"nM";"7.16";"";"";"UO_0000065";"17.05";"0.34";"3.26";"9.19";"0";"CHEMBL869627";"Binding affinity to rat EP4 receptor expressed in HEK293 cells";"B";"BAO_0000219";"cell-based format";"Rattus norvegicus";"None";"None";"HEK293";"None";"";"";"";"CHEMBL4086";"Prostanoid EP4 receptor";"Rattus norvegicus";"SINGLE PROTEIN";"CHEMBL1146126";"1";"Scientific Literature";"Bioorg Med Chem Lett";"2006";"CHEMBL3307715";"";""
"CHEMBL380839";"";"None";"463.50";"0";"4.71";"16b";"O=C(O)c1ccc(CCCN2C(=O)CC[C@@H]2CC[C@@H](O)Cc2cccc(C(F)(F)F)c2)cc1";"EC50";"'='";"105.0";"nM";"6.98";"";"";"UO_0000065";"";"";"";"";"0";"CHEMBL867830";"Activity at rat EP4 transfected in HEK293 cells by cAMP accumulation";"F";"BAO_0000219";"cell-based format";"Rattus norvegicus";"None";"None";"HEK293";"None";"";"";"";"CHEMBL4086";"Prostanoid EP4 receptor";"Rattus norvegicus";"SINGLE PROTEIN";"CHEMBL1146126";"1";"Scientific Literature";"Bioorg Med Chem Lett";"2006";"CHEMBL3307715";"";""
"CHEMBL208399";"";"None";"437.58";"1";"5.06";"15a";"O=C(O)CCCCCCN1C(=O)CC[C@@H]1CC[C@@H](O)Cc1cccc(-c2ccccc2)c1";"EC50";"'='";"195.0";"nM";"6.71";"";"";"UO_0000065";"";"";"";"";"0";"CHEMBL867830";"Activity at rat EP4 transfected in HEK293 cells by cAMP accumulation";"F";"BAO_0000219";"cell-based format";"Rattus norvegicus";"None";"None";"HEK293";"None";"";"";"";"CHEMBL4086";"Prostanoid EP4 receptor";"Rattus norvegicus";"SINGLE PROTEIN";"CHEMBL1146126";"1";"Scientific Literature";"Bioorg Med Chem Lett";"2006";"CHEMBL3307715";"";""
"CHEMBL383515";"";"None";"429.94";"0";"4.35";"13b";"O=C(O)c1ccc(CCCN2C(=O)CCC2CCC(O)Cc2cccc(Cl)c2)cc1";"EC50";"'='";"425.0";"nM";"6.37";"";"";"UO_0000065";"";"";"";"";"0";"CHEMBL867830";"Activity at rat EP4 transfected in HEK293 cells by cAMP accumulation";"F";"BAO_0000219";"cell-based format";"Rattus norvegicus";"None";"None";"HEK293";"None";"";"";"";"CHEMBL4086";"Prostanoid EP4 receptor";"Rattus norvegicus";"SINGLE PROTEIN";"CHEMBL1146126";"1";"Scientific Literature";"Bioorg Med Chem Lett";"2006";"CHEMBL3307715";"";""
"CHEMBL425950";"";"None";"429.58";"0";"4.32";"23c";"CCc1ccc(CC(O)CC[C@H]2CCC(=O)N2CCCc2ccc(C(=O)O)s2)cc1";"Activity";"'='";"82.0";"%";"";"";"";"UO_0000187";"";"";"";"";"0";"CHEMBL867831";"Activity at rat EP4 transfected in HEK293 cells by cAMP accumulation compared to PGE2";"F";"BAO_0000219";"cell-based format";"Rattus norvegicus";"None";"None";"HEK293";"None";"";"";"";"CHEMBL4086";"Prostanoid EP4 receptor";"Rattus norvegicus";"SINGLE PROTEIN";"CHEMBL1146126";"1";"Scientific Literature";"Bioorg Med Chem Lett";"2006";"CHEMBL3307715";"";""
"CHEMBL425950";"";"None";"429.58";"0";"4.32";"23c";"CCc1ccc(CC(O)CC[C@H]2CCC(=O)N2CCCc2ccc(C(=O)O)s2)cc1";"IC50";"'='";"140.0";"nM";"6.85";"";"";"UO_0000065";"15.95";"0.31";"2.53";"8.81";"0";"CHEMBL869627";"Binding affinity to rat EP4 receptor expressed in HEK293 cells";"B";"BAO_0000219";"cell-based format";"Rattus norvegicus";"None";"None";"HEK293";"None";"";"";"";"CHEMBL4086";"Prostanoid EP4 receptor";"Rattus norvegicus";"SINGLE PROTEIN";"CHEMBL1146126";"1";"Scientific Literature";"Bioorg Med Chem Lett";"2006";"CHEMBL3307715";"";""
"CHEMBL2037289";"";"None";"549.67";"2";"5.20";"4n";"Cc1ccc2nc(-c3cccc(C[C@H](O)/C=C/[C@H]4CCC(=O)N4CCSc4nc(C(=O)O)cs4)c3)oc2c1";"EC50";"'='";"1.6";"nM";"8.80";"";"";"UO_0000065";"";"";"";"";"0";"CHEMBL2038102";"Agonist activity at rat EP4 receptor expressed in CHO cells assessed as cAMP production after 10 mins by radioimmunoassay";"F";"BAO_0000219";"cell-based format";"Rattus norvegicus";"None";"None";"CHO";"None";"";"";"";"CHEMBL4086";"Prostanoid EP4 receptor";"Rattus norvegicus";"SINGLE PROTEIN";"CHEMBL2034814";"1";"Scientific Literature";"Bioorg Med Chem";"2012";"CHEMBL3308072";"";""
"CHEMBL541516";"";"None";"466.60";"0";"4.79";"7b";"CC(C)(C)c1ccc(CN(Cc2cccc(CCC(=O)O)c2)S(=O)(=O)c2ccccn2)cc1";"IC50";"'>'";"3200.0";"nM";"";"";"";"UO_0000065";"";"";"";"";"0";"CHEMBL1027713";"Inhibition of rat EP4 receptor expressed in HEK293 cells";"B";"BAO_0000219";"cell-based format";"Rattus norvegicus";"None";"None";"HEK293";"None";"";"";"";"CHEMBL4086";"Prostanoid EP4 receptor";"Rattus norvegicus";"SINGLE PROTEIN";"CHEMBL1158403";"1";"Scientific Literature";"Bioorg Med Chem Lett";"2009";"CHEMBL3307715";"";""
"CHEMBL1957437";"";"None";"544.70";"2";"5.90";"18";"O=C(O)c1csc(SCCN2C(=O)CC[C@@H]2/C=C/[C@@H](O)Cc2cccc(-c3ccc4ccccc4c3)c2)n1";"EC50";"'='";"480.0";"nM";"6.32";"";"";"UO_0000065";"";"";"";"";"0";"CHEMBL1960894";"Agonist activity at rat EP4 receptor";"F";"BAO_0000019";"assay format";"Rattus norvegicus";"None";"None";"None";"None";"";"";"";"CHEMBL4086";"Prostanoid EP4 receptor";"Rattus norvegicus";"SINGLE PROTEIN";"CHEMBL1955856";"1";"Scientific Literature";"Bioorg Med Chem";"2012";"None";"";""
"CHEMBL2036310";"";"None";"494.66";"0";"4.26";"3e";"O=C(O)CCCSCCN1C(=O)CC[C@@H]1/C=C/[C@@H](O)Cc1cccc(N2Cc3ccccc3C2)c1";"EC50";"'='";"28.0";"nM";"7.55";"";"";"UO_0000065";"";"";"";"";"0";"CHEMBL2038102";"Agonist activity at rat EP4 receptor expressed in CHO cells assessed as cAMP production after 10 mins by radioimmunoassay";"F";"BAO_0000219";"cell-based format";"Rattus norvegicus";"None";"None";"CHO";"None";"";"";"";"CHEMBL4086";"Prostanoid EP4 receptor";"Rattus norvegicus";"SINGLE PROTEIN";"CHEMBL2034814";"1";"Scientific Literature";"Bioorg Med Chem";"2012";"CHEMBL3308072";"";""
"CHEMBL2037290";"";"None";"549.67";"2";"5.20";"4o";"Cc1cccc2oc(-c3cccc(C[C@H](O)/C=C/[C@H]4CCC(=O)N4CCSc4nc(C(=O)O)cs4)c3)nc12";"EC50";"'='";"28.0";"nM";"7.55";"";"";"UO_0000065";"";"";"";"";"0";"CHEMBL2038102";"Agonist activity at rat EP4 receptor expressed in CHO cells assessed as cAMP production after 10 mins by radioimmunoassay";"F";"BAO_0000219";"cell-based format";"Rattus norvegicus";"None";"None";"CHO";"None";"";"";"";"CHEMBL4086";"Prostanoid EP4 receptor";"Rattus norvegicus";"SINGLE PROTEIN";"CHEMBL2034814";"1";"Scientific Literature";"Bioorg Med Chem";"2012";"CHEMBL3308072";"";""
"CHEMBL1929536";"";"None";"455.58";"0";"4.23";"10";"O=C(O)CCCSCCN1C(=O)OC[C@@H]1/C=C/[C@@H](O)Cc1cccc(-c2ccccc2)c1";"EC50";"'='";"450.0";"nM";"6.35";"";"";"UO_0000065";"";"";"";"";"0";"CHEMBL1932312";"Agonist activity at rat EP4 receptor expressed in CHO cells assessed as cAMP production after 10 mins by radioimmunoassay";"F";"BAO_0000219";"cell-based format";"Rattus norvegicus";"None";"None";"CHO";"None";"";"";"";"CHEMBL4086";"Prostanoid EP4 receptor";"Rattus norvegicus";"SINGLE PROTEIN";"CHEMBL1926627";"1";"Scientific Literature";"Bioorg Med Chem";"2012";"CHEMBL3308072";"";""
"CHEMBL1929542";"";"None";"463.54";"0";"4.30";"16";"O=C(O)CCCSCCN1C(=O)SC[C@@H]1/C=C/[C@@H](O)Cc1cccc(C(F)(F)F)c1";"EC50";"'='";"4.3";"nM";"8.37";"";"";"UO_0000065";"";"";"";"";"0";"CHEMBL1932312";"Agonist activity at rat EP4 receptor expressed in CHO cells assessed as cAMP production after 10 mins by radioimmunoassay";"F";"BAO_0000219";"cell-based format";"Rattus norvegicus";"None";"None";"CHO";"None";"";"";"";"CHEMBL4086";"Prostanoid EP4 receptor";"Rattus norvegicus";"SINGLE PROTEIN";"CHEMBL1926627";"1";"Scientific Literature";"Bioorg Med Chem";"2012";"CHEMBL3308072";"";""
"CHEMBL563646";"EVATANEPAG";"2.0";"468.58";"0";"4.23";"7f, CP-533536";"CC(C)(C)c1ccc(CN(Cc2cccc(OCC(=O)O)c2)S(=O)(=O)c2cccnc2)cc1";"IC50";"'>'";"3200.0";"nM";"";"";"";"UO_0000065";"";"";"";"";"0";"CHEMBL1027713";"Inhibition of rat EP4 receptor expressed in HEK293 cells";"B";"BAO_0000219";"cell-based format";"Rattus norvegicus";"None";"None";"HEK293";"None";"";"";"";"CHEMBL4086";"Prostanoid EP4 receptor";"Rattus norvegicus";"SINGLE PROTEIN";"CHEMBL1158403";"1";"Scientific Literature";"Bioorg Med Chem Lett";"2009";"CHEMBL3307715";"";""
"CHEMBL2036316";"";"None";"484.62";"0";"3.71";"3k";"O=C(O)CCCSCCN1C(=O)CC[C@@H]1/C=C/[C@@H](O)Cc1cccc(OCc2ccccn2)c1";"EC50";"'='";"0.61";"nM";"9.21";"";"";"UO_0000065";"";"";"";"";"0";"CHEMBL2038102";"Agonist activity at rat EP4 receptor expressed in CHO cells assessed as cAMP production after 10 mins by radioimmunoassay";"F";"BAO_0000219";"cell-based format";"Rattus norvegicus";"None";"None";"CHO";"None";"";"";"";"CHEMBL4086";"Prostanoid EP4 receptor";"Rattus norvegicus";"SINGLE PROTEIN";"CHEMBL2034814";"1";"Scientific Literature";"Bioorg Med Chem";"2012";"CHEMBL3308072";"";""
"CHEMBL1933722";"";"None";"432.57";"0";"3.39";"4a";"Cc1cccc(C[C@H](O)/C=C/[C@H]2CCC(=O)N2CCSc2nc(C(=O)O)cs2)c1";"EC50";"'='";"0.79";"nM";"9.10";"";"";"UO_0000065";"";"";"";"";"1";"CHEMBL2038102";"Agonist activity at rat EP4 receptor expressed in CHO cells assessed as cAMP production after 10 mins by radioimmunoassay";"F";"BAO_0000219";"cell-based format";"Rattus norvegicus";"None";"None";"CHO";"None";"";"";"";"CHEMBL4086";"Prostanoid EP4 receptor";"Rattus norvegicus";"SINGLE PROTEIN";"CHEMBL2034814";"1";"Scientific Literature";"Bioorg Med Chem";"2012";"CHEMBL3308072";"";""
"CHEMBL1957437";"";"None";"544.70";"2";"5.90";"4h";"O=C(O)c1csc(SCCN2C(=O)CC[C@@H]2/C=C/[C@@H](O)Cc2cccc(-c3ccc4ccccc4c3)c2)n1";"EC50";"'='";"480.0";"nM";"6.32";"";"";"UO_0000065";"";"";"";"";"1";"CHEMBL2038102";"Agonist activity at rat EP4 receptor expressed in CHO cells assessed as cAMP production after 10 mins by radioimmunoassay";"F";"BAO_0000219";"cell-based format";"Rattus norvegicus";"None";"None";"CHO";"None";"";"";"";"CHEMBL4086";"Prostanoid EP4 receptor";"Rattus norvegicus";"SINGLE PROTEIN";"CHEMBL2034814";"1";"Scientific Literature";"Bioorg Med Chem";"2012";"CHEMBL3308072";"";""
"CHEMBL2036322";"";"None";"534.66";"2";"5.50";"4i";"O=C(O)c1csc(SCCN2C(=O)CC[C@@H]2/C=C/[C@@H](O)Cc2cccc(-c3cc4ccccc4o3)c2)n1";"EC50";"'='";"5.3";"nM";"8.28";"";"";"UO_0000065";"";"";"";"";"0";"CHEMBL2038102";"Agonist activity at rat EP4 receptor expressed in CHO cells assessed as cAMP production after 10 mins by radioimmunoassay";"F";"BAO_0000219";"cell-based format";"Rattus norvegicus";"None";"None";"CHO";"None";"";"";"";"CHEMBL4086";"Prostanoid EP4 receptor";"Rattus norvegicus";"SINGLE PROTEIN";"CHEMBL2034814";"1";"Scientific Literature";"Bioorg Med Chem";"2012";"CHEMBL3308072";"";""
"CHEMBL2036323";"";"None";"535.65";"1";"4.89";"4j";"O=C(O)c1csc(SCCN2C(=O)CC[C@@H]2/C=C/[C@@H](O)Cc2cccc(-c3nc4ccccc4o3)c2)n1";"EC50";"'='";"2.2";"nM";"8.66";"";"";"UO_0000065";"";"";"";"";"0";"CHEMBL2038102";"Agonist activity at rat EP4 receptor expressed in CHO cells assessed as cAMP production after 10 mins by radioimmunoassay";"F";"BAO_0000219";"cell-based format";"Rattus norvegicus";"None";"None";"CHO";"None";"";"";"";"CHEMBL4086";"Prostanoid EP4 receptor";"Rattus norvegicus";"SINGLE PROTEIN";"CHEMBL2034814";"1";"Scientific Literature";"Bioorg Med Chem";"2012";"CHEMBL3308072";"";""
"CHEMBL2036324";"";"None";"551.72";"2";"5.36";"4k";"O=C(O)c1csc(SCCN2C(=O)CC[C@@H]2/C=C/[C@@H](O)Cc2cccc(-c3nc4ccccc4s3)c2)n1";"EC50";"'='";"13.0";"nM";"7.89";"";"";"UO_0000065";"";"";"";"";"0";"CHEMBL2038102";"Agonist activity at rat EP4 receptor expressed in CHO cells assessed as cAMP production after 10 mins by radioimmunoassay";"F";"BAO_0000219";"cell-based format";"Rattus norvegicus";"None";"None";"CHO";"None";"";"";"";"CHEMBL4086";"Prostanoid EP4 receptor";"Rattus norvegicus";"SINGLE PROTEIN";"CHEMBL2034814";"1";"Scientific Literature";"Bioorg Med Chem";"2012";"CHEMBL3308072";"";""
"CHEMBL2036308";"";"None";"503.66";"2";"5.56";"3c";"O=C(O)CCCSCCN1C(=O)CC[C@@H]1/C=C/[C@@H](O)Cc1cccc(-c2ccc3ccccc3c2)c1";"EC50";"'='";"96.0";"nM";"7.02";"";"";"UO_0000065";"";"";"";"";"0";"CHEMBL2038102";"Agonist activity at rat EP4 receptor expressed in CHO cells assessed as cAMP production after 10 mins by radioimmunoassay";"F";"BAO_0000219";"cell-based format";"Rattus norvegicus";"None";"None";"CHO";"None";"";"";"";"CHEMBL4086";"Prostanoid EP4 receptor";"Rattus norvegicus";"SINGLE PROTEIN";"CHEMBL2034814";"1";"Scientific Literature";"Bioorg Med Chem";"2012";"CHEMBL3308072";"";""
"CHEMBL1957435";"";"None";"494.64";"0";"4.75";"4b";"O=C(O)c1csc(SCCN2C(=O)CC[C@@H]2/C=C/[C@@H](O)Cc2cccc(-c3ccccc3)c2)n1";"EC50";"'='";"8.0";"nM";"8.10";"";"";"UO_0000065";"";"";"";"";"1";"CHEMBL2038102";"Agonist activity at rat EP4 receptor expressed in CHO cells assessed as cAMP production after 10 mins by radioimmunoassay";"F";"BAO_0000219";"cell-based format";"Rattus norvegicus";"None";"None";"CHO";"None";"";"";"";"CHEMBL4086";"Prostanoid EP4 receptor";"Rattus norvegicus";"SINGLE PROTEIN";"CHEMBL2034814";"1";"Scientific Literature";"Bioorg Med Chem";"2012";"CHEMBL3308072";"";""
"CHEMBL2036312";"";"None";"494.61";"0";"4.54";"3g";"O=C(O)CCCSCCN1C(=O)CC[C@@H]1/C=C/[C@@H](O)Cc1cccc(-c2nc3ccccc3o2)c1";"EC50";"'='";"13.0";"nM";"7.89";"";"";"UO_0000065";"";"";"";"";"0";"CHEMBL2038102";"Agonist activity at rat EP4 receptor expressed in CHO cells assessed as cAMP production after 10 mins by radioimmunoassay";"F";"BAO_0000219";"cell-based format";"Rattus norvegicus";"None";"None";"CHO";"None";"";"";"";"CHEMBL4086";"Prostanoid EP4 receptor";"Rattus norvegicus";"SINGLE PROTEIN";"CHEMBL2034814";"1";"Scientific Literature";"Bioorg Med Chem";"2012";"CHEMBL3308072";"";""
"CHEMBL2036315";"";"None";"484.62";"0";"3.71";"3j";"O=C(O)CCCSCCN1C(=O)CC[C@@H]1/C=C/[C@@H](O)Cc1cccc(OCc2cccnc2)c1";"EC50";"'='";"19.0";"nM";"7.72";"";"";"UO_0000065";"";"";"";"";"0";"CHEMBL2038102";"Agonist activity at rat EP4 receptor expressed in CHO cells assessed as cAMP production after 10 mins by radioimmunoassay";"F";"BAO_0000219";"cell-based format";"Rattus norvegicus";"None";"None";"CHO";"None";"";"";"";"CHEMBL4086";"Prostanoid EP4 receptor";"Rattus norvegicus";"SINGLE PROTEIN";"CHEMBL2034814";"1";"Scientific Literature";"Bioorg Med Chem";"2012";"CHEMBL3308072";"";""
"CHEMBL2036317";"";"None";"484.62";"0";"3.71";"3l";"O=C(O)CCCSCCN1C(=O)CC[C@@H]1/C=C/[C@@H](O)Cc1cccc(OCc2ccncc2)c1";"EC50";"'='";"46.0";"nM";"7.34";"";"";"UO_0000065";"";"";"";"";"0";"CHEMBL2038102";"Agonist activity at rat EP4 receptor expressed in CHO cells assessed as cAMP production after 10 mins by radioimmunoassay";"F";"BAO_0000219";"cell-based format";"Rattus norvegicus";"None";"None";"CHO";"None";"";"";"";"CHEMBL4086";"Prostanoid EP4 receptor";"Rattus norvegicus";"SINGLE PROTEIN";"CHEMBL2034814";"1";"Scientific Literature";"Bioorg Med Chem";"2012";"CHEMBL3308072";"";""
"CHEMBL191638";"";"None";"588.73";"2";"7.69";"8";"O=C(NS(=O)(=O)Cc1ccccc1)c1cccc(C[C@@H]2CCCC=C2c2nc(-c3ccccc3)c(-c3ccccc3)o2)c1";"Ki";"'='";"0.74";"nM";"9.13";"";"";"UO_0000065";"15.51";"0.29";"1.44";"10.23";"0";"CHEMBL826328";"Inhibition of rat prostanoid EP4 receptor";"B";"BAO_0000357";"single protein format";"Rattus norvegicus";"None";"None";"None";"None";"";"";"";"CHEMBL4086";"Prostanoid EP4 receptor";"Rattus norvegicus";"SINGLE PROTEIN";"CHEMBL1143620";"1";"Scientific Literature";"J Med Chem";"2005";"None";"";""
"CHEMBL203076";"";"None";"377.48";"0";"3.10";"18a";"O=C(O)CCCCCCN1C(=O)CC[C@@H]1CC[C@@H](O)Cc1cccc(O)c1";"IC50";"'='";"1202.0";"nM";"5.92";"";"";"UO_0000065";"15.68";"0.30";"2.82";"6.04";"0";"CHEMBL869627";"Binding affinity to rat EP4 receptor expressed in HEK293 cells";"B";"BAO_0000219";"cell-based format";"Rattus norvegicus";"None";"None";"HEK293";"None";"";"";"";"CHEMBL4086";"Prostanoid EP4 receptor";"Rattus norvegicus";"SINGLE PROTEIN";"CHEMBL1146126";"1";"Scientific Literature";"Bioorg Med Chem Lett";"2006";"CHEMBL3307715";"";""
"CHEMBL204058";"";"None";"395.93";"0";"4.05";"13a";"O=C(O)CCCCCCN1C(=O)CCC1CCC(O)Cc1cccc(Cl)c1";"IC50";"'='";"22.0";"nM";"7.66";"";"";"UO_0000065";"19.34";"0.39";"3.61";"9.84";"0";"CHEMBL869627";"Binding affinity to rat EP4 receptor expressed in HEK293 cells";"B";"BAO_0000219";"cell-based format";"Rattus norvegicus";"None";"None";"HEK293";"None";"";"";"";"CHEMBL4086";"Prostanoid EP4 receptor";"Rattus norvegicus";"SINGLE PROTEIN";"CHEMBL1146126";"1";"Scientific Literature";"Bioorg Med Chem Lett";"2006";"CHEMBL3307715";"";""
"CHEMBL2036325";"";"None";"586.16";"2";"6.01";"4l";"O=C(O)c1csc(SCCN2C(=O)CC[C@@H]2/C=C/[C@@H](O)Cc2cccc(-c3nc4cc(Cl)ccc4s3)c2)n1";"EC50";"'='";"9.7";"nM";"8.01";"";"";"UO_0000065";"";"";"";"";"0";"CHEMBL2038102";"Agonist activity at rat EP4 receptor expressed in CHO cells assessed as cAMP production after 10 mins by radioimmunoassay";"F";"BAO_0000219";"cell-based format";"Rattus norvegicus";"None";"None";"CHO";"None";"";"";"";"CHEMBL4086";"Prostanoid EP4 receptor";"Rattus norvegicus";"SINGLE PROTEIN";"CHEMBL2034814";"1";"Scientific Literature";"Bioorg Med Chem";"2012";"CHEMBL3308072";"";""
"CHEMBL3039498";"GRAPIPRANT";"2.0";"491.62";"0";"4.14";"1";"CCc1nc2c(C)nc(C)cc2n1-c1ccc(CCNC(=O)NS(=O)(=O)c2ccc(C)cc2)cc1";"Ki";"'='";"20.0";"nM";"7.70";"";"";"UO_0000065";"15.66";"0.30";"3.56";"7.26";"0";"CHEMBL3997104";"Antagonist activity at rat recombinant EP4 receptor";"B";"BAO_0000357";"single protein format";"Rattus norvegicus";"None";"None";"None";"None";"";"";"";"CHEMBL4086";"Prostanoid EP4 receptor";"Rattus norvegicus";"SINGLE PROTEIN";"CHEMBL3994644";"1";"Scientific Literature";"Bioorg Med Chem Lett";"2017";"None";"";""
"CHEMBL3039498";"GRAPIPRANT";"2.0";"491.62";"0";"4.14";"1";"CCc1nc2c(C)nc(C)cc2n1-c1ccc(CCNC(=O)NS(=O)(=O)c2ccc(C)cc2)cc1";"Kd";"'='";"6.457";"nM";"8.19";"";"";"UO_0000065";"";"";"";"";"0";"CHEMBL3997103";"Antagonist activity at rat recombinant EP4 receptor assessed as inhibition of PGE2-induced cAMP level by cell based assay";"F";"BAO_0000219";"cell-based format";"Rattus norvegicus";"None";"None";"None";"None";"";"";"";"CHEMBL4086";"Prostanoid EP4 receptor";"Rattus norvegicus";"SINGLE PROTEIN";"CHEMBL3994644";"1";"Scientific Literature";"Bioorg Med Chem Lett";"2017";"None";"";""
